Device,Driver(s),Start Time,End Time,Duration,Position,Address,Zone(s)
Bianca,N/A,01/02/2025 10:25:09 AM,01/02/2025 10:30:35 AM,5m 26s,"38.342625°, -122.715315°","466 Primero Ct, Cotati, CA 94931, USA",N/A
Bianca,N/A,01/27/2025 11:23:23 AM,01/27/2025 11:28:46 AM,5m 23s,"38.155651°, -122.493965°","7833 Lakeville Hwy, Petaluma, CA 94954, USA",N/A
Bianca,N/A,01/27/2025 12:04:15 PM,01/27/2025 12:20:33 PM,16m 18s,"38.238385°, -122.632753°","511 E D St, Petaluma, CA 94952, USA",N/A
Bianca,N/A,01/28/2025 08:42:35 AM,01/28/2025 08:49:58 AM,7m 23s,"38.342743°, -122.715284°","466 Primero Ct, Cotati, CA 94931, USA",N/A
Bianca,N/A,01/28/2025 12:19:01 PM,01/28/2025 12:24:24 PM,5m 23s,"38.497115°, -122.750225°","305 Sejong Ln, Santa Rosa, CA 95403, USA",N/A
Dane,N/A,01/02/2025 08:14:11 AM,01/02/2025 08:24:19 AM,10m 8s,"38.342681°, -122.715396°","466 Primero Ct, Cotati, CA 94931, USA",N/A
Dane,N/A,01/02/2025 09:08:23 AM,01/02/2025 09:17:02 AM,8m 39s,"38.236129°, -122.523135°","1180 Stage Gulch Rd, Petaluma, CA 94954, USA",N/A
Dane,N/A,01/02/2025 09:19:01 AM,01/02/2025 09:26:20 AM,7m 19s,"38.237113°, -122.517141°","1450 Stage Gulch Rd, Petaluma, CA 94954, USA",N/A
Dane,N/A,01/03/2025 08:52:10 AM,01/03/2025 08:58:13 AM,6m 3s,"38.348866°, -122.684796°","1311 Parkway Dr, Rohnert Park, CA 94928, USA",N/A
Dane,N/A,01/03/2025 12:36:30 PM,01/03/2025 12:42:55 PM,6m 25s,"38.227633°, -122.639810°","201 8th St, Petaluma, CA 94952, USA",N/A
Dane,N/A,01/03/2025 03:15:47 PM,01/03/2025 03:23:52 PM,8m 5s,"38.264713°, -122.623609°","1914 Castle Dr, Petaluma, CA 94954, USA",N/A
Dane,N/A,01/06/2025 07:57:17 AM,01/06/2025 08:14:46 AM,17m 29s,"38.329579°, -122.704258°","285 Burton Ave, Rohnert Park, CA 94928, USA",N/A
Dane,N/A,01/06/2025 08:54:07 AM,01/06/2025 09:02:22 AM,8m 15s,"38.342732°, -122.715345°","466 Primero Ct, Cotati, CA 94931, USA",N/A
Dane,N/A,01/06/2025 09:25:42 AM,01/06/2025 09:32:45 AM,7m 3s,"38.387597°, -122.589062°","7490 Bennett Valley Rd, Santa Rosa, CA 95404, USA",N/A
Dane,N/A,01/06/2025 12:12:56 PM,01/06/2025 12:23:24 PM,10m 28s,"38.262808°, -122.488514°","265 Avenida Barbera, Sonoma, CA 95476, USA",N/A
Dane,N/A,01/07/2025 07:53:54 AM,01/07/2025 08:00:36 AM,6m 42s,"38.342652°, -122.715331°","466 Primero Ct, Cotati, CA 94931, USA",N/A
Dane,N/A,01/07/2025 11:37:46 AM,01/07/2025 11:43:45 AM,5m 59s,"38.239151°, -122.600953°","2034 Crinella Dr, Petaluma, CA 94954, USA",N/A
Dane,N/A,01/07/2025 12:36:37 PM,01/07/2025 12:42:43 PM,6m 6s,"38.254430°, -122.703508°","4701 Bodega Ave, Petaluma, CA 94952, USA",N/A
Dane,N/A,01/08/2025 08:08:15 AM,01/08/2025 08:13:17 AM,5m 2s,"38.342680°, -122.715301°","466 Primero Ct, Cotati, CA 94931, USA",N/A
Dane,N/A,01/08/2025 10:16:48 AM,01/08/2025 10:22:35 AM,5m 47s,"38.255663°, -122.623338°","1641 Joan Dr, Petaluma, CA 94954, USA",N/A
Dane,N/A,01/08/2025 11:00:15 AM,01/08/2025 11:13:35 AM,13m 20s,"38.240908°, -122.645232°","608 Kentucky St, Petaluma, CA 94952, USA",N/A
Dane,N/A,01/09/2025 09:54:41 AM,01/09/2025 10:13:54 AM,19m 13s,"38.201474°, -122.447249°","25708 Arnold Dr, Sonoma, CA 95476, USA",N/A
Dane,N/A,01/09/2025 12:27:21 PM,01/09/2025 12:47:35 PM,20m 14s,"38.287945°, -122.458610°","725 Broadway, Sonoma, CA 95476, USA",N/A
Dane,N/A,01/10/2025 07:04:11 AM,01/10/2025 07:12:44 AM,8m 33s,"38.329631°, -122.704199°","286 Bruce Ave, Rohnert Park, CA 94928, USA",N/A
Dane,N/A,01/10/2025 11:16:20 AM,01/10/2025 11:36:24 AM,20m 4s,"38.231201°, -122.632937°","501 Petaluma Blvd S, Petaluma, CA 94952, USA",N/A
Dane,N/A,01/10/2025 11:41:35 AM,01/10/2025 11:48:19 AM,6m 44s,"38.241041°, -122.632819°","710 E Washington St, Petaluma, CA 94952, USA",N/A
Dane,N/A,01/10/2025 01:25:52 PM,01/10/2025 01:31:00 PM,5m 8s,"38.248483°, -122.691409°","4288 Bodega Ave, Petaluma, CA 94952, USA",N/A
Dane,N/A,01/14/2025 07:27:31 AM,01/14/2025 07:33:00 AM,5m 29s,"38.329632°, -122.704204°","286 Bruce Ave, Rohnert Park, CA 94928, USA",N/A
Dane,N/A,01/14/2025 07:43:09 AM,01/14/2025 07:48:14 AM,5m 5s,"38.342668°, -122.715278°","466 Primero Ct, Cotati, CA 94931, USA",N/A
Dane,N/A,01/14/2025 08:05:32 AM,01/14/2025 08:23:06 AM,17m 34s,"38.342722°, -122.715279°","466 Primero Ct, Cotati, CA 94931, USA",N/A
Dane,N/A,01/14/2025 02:48:06 PM,01/14/2025 02:56:17 PM,8m 11s,"38.342638°, -122.715326°","466 Primero Ct, Cotati, CA 94931, USA",N/A
Dane,N/A,01/15/2025 11:00:19 AM,01/15/2025 11:13:56 AM,13m 37s,"38.231243°, -122.632751°","215 G St, Petaluma, CA 94952, USA",N/A
Dane,N/A,01/16/2025 07:28:53 AM,01/16/2025 07:48:32 AM,19m 39s,"38.329596°, -122.704224°","286 Bruce Ave, Rohnert Park, CA 94928, USA",N/A
Dane,N/A,01/16/2025 10:31:37 AM,01/16/2025 10:40:15 AM,8m 38s,"38.395568°, -122.549338°","10001 Slattery Rd, Glen Ellen, CA 95442, USA",N/A
Dane,N/A,01/16/2025 12:13:33 PM,01/16/2025 12:19:11 PM,5m 38s,"38.303603°, -122.476728°","18971 Hwy 12, Sonoma, CA 95476, USA",N/A
Dane,N/A,01/17/2025 07:34:39 AM,01/17/2025 07:43:08 AM,8m 29s,"38.329591°, -122.704247°","286 Bruce Ave, Rohnert Park, CA 94928, USA",N/A
Dane,N/A,01/17/2025 08:53:19 AM,01/17/2025 09:08:18 AM,14m 59s,"38.266239°, -122.633418°","1980 Rainier Cir, Petaluma, CA 94954, USA",N/A
Dane,N/A,01/20/2025 08:17:31 AM,01/20/2025 08:24:35 AM,7m 4s,"38.329582°, -122.704229°","285 Burton Ave, Rohnert Park, CA 94928, USA",N/A
Dane,N/A,01/20/2025 10:16:20 AM,01/20/2025 10:21:24 AM,5m 4s,"38.369104°, -122.689999°","4627 Heath Cir, Rohnert Park, CA 94928, USA",N/A
Dane,N/A,01/20/2025 10:55:53 AM,01/20/2025 11:03:02 AM,7m 9s,"38.229478°, -122.640155°","629 C St, Petaluma, CA 94952, USA",N/A
Dane,N/A,01/20/2025 12:06:00 PM,01/20/2025 12:15:25 PM,9m 25s,"38.229797°, -122.631019°","324 I St, Petaluma, CA 94952, USA",N/A
Dane,N/A,01/20/2025 12:27:43 PM,01/20/2025 12:37:08 PM,9m 25s,"38.234204°, -122.645274°","421 Washington St, Petaluma, CA 94952, USA",N/A
Dane,N/A,01/21/2025 07:32:48 AM,01/21/2025 07:41:21 AM,8m 33s,"38.329575°, -122.704266°","285 Burton Ave, Rohnert Park, CA 94928, USA",N/A
Dane,N/A,01/21/2025 11:33:18 AM,01/21/2025 11:38:54 AM,5m 36s,"38.229294°, -122.636395°","319 6th St, Petaluma, CA 94952, USA",N/A
Dane,N/A,01/21/2025 12:32:00 PM,01/21/2025 12:38:14 PM,6m 14s,"38.230789°, -122.650158°","811 Western Ave, Petaluma, CA 94952, USA",N/A
Dane,N/A,01/22/2025 07:31:19 AM,01/22/2025 07:40:55 AM,9m 36s,"38.329603°, -122.704227°","286 Bruce Ave, Rohnert Park, CA 94928, USA",N/A
Dane,N/A,01/22/2025 09:36:24 AM,01/22/2025 09:49:07 AM,12m 43s,"38.270563°, -122.640261°","1862 Lexington St, Petaluma, CA 94954, USA",N/A
Dane,N/A,01/22/2025 01:45:04 PM,01/22/2025 01:50:21 PM,5m 17s,"38.232633°, -122.633255°","406 1st St, Petaluma, CA 94952, USA",N/A
Dane,N/A,01/22/2025 03:35:05 PM,01/22/2025 03:41:43 PM,6m 38s,"38.219417°, -122.625682°","1264 Mountain View Ave, Petaluma, CA 94952, USA",N/A
Dane,N/A,01/22/2025 05:35:49 PM,01/22/2025 05:42:33 PM,6m 44s,"38.342706°, -122.715261°","466 Primero Ct, Cotati, CA 94931, USA",N/A
Dane,N/A,01/22/2025 05:43:49 PM,01/22/2025 05:56:35 PM,12m 46s,"38.342666°, -122.715345°","466 Primero Ct, Cotati, CA 94931, USA",N/A
Dane,N/A,01/23/2025 07:51:47 AM,01/23/2025 07:57:07 AM,5m 20s,"38.229031°, -122.624614°","1001 Warren Dr, Petaluma, CA 94952, USA",N/A
Dane,N/A,01/24/2025 07:27:45 AM,01/24/2025 07:40:43 AM,12m 58s,"38.329656°, -122.704196°","286 Bruce Ave, Rohnert Park, CA 94928, USA",N/A
Dane,N/A,01/27/2025 07:31:14 AM,01/27/2025 07:39:32 AM,8m 18s,"38.329692°, -122.704192°","286 Bruce Ave, Rohnert Park, CA 94928, USA",N/A
Dane,N/A,01/27/2025 09:36:21 AM,01/27/2025 09:45:30 AM,9m 9s,"38.339743°, -122.687497°","1420 Southwest Blvd, Rohnert Park, CA 94928, USA",N/A
Dane,N/A,01/28/2025 07:31:32 AM,01/28/2025 07:41:57 AM,10m 25s,"38.329583°, -122.704230°","286 Bruce Ave, Rohnert Park, CA 94928, USA",N/A
Dane,N/A,01/29/2025 07:37:49 AM,01/29/2025 07:42:55 AM,5m 6s,"38.329592°, -122.704232°","286 Bruce Ave, Rohnert Park, CA 94928, USA",N/A
Dane,N/A,01/29/2025 10:53:38 AM,01/29/2025 10:59:36 AM,5m 58s,"38.261726°, -122.635092°","501 Bryce Canyon Ct, Petaluma, CA 94954, USA",N/A
Dane,N/A,02/04/2025 09:37:47 AM,02/04/2025 09:43:52 AM,6m 5s,"38.360748°, -122.685199°","4742 Snyder Ln, Santa Rosa, CA 95404, USA",N/A
Dane,N/A,02/04/2025 11:26:59 AM,02/04/2025 11:52:18 AM,25m 19s,"38.228992°, -122.623521°","1065 Warren Dr, Petaluma, CA 94952, USA",N/A
Dane,N/A,02/05/2025 07:46:36 AM,02/05/2025 07:52:50 AM,6m 14s,"38.342639°, -122.715326°","466 Primero Ct, Cotati, CA 94931, USA",N/A
Dane,N/A,02/06/2025 07:21:12 AM,02/06/2025 07:26:45 AM,5m 33s,"38.329625°, -122.704293°","286 Bruce Ave, Rohnert Park, CA 94928, USA",N/A
Dane,N/A,02/06/2025 07:37:17 AM,02/06/2025 07:43:16 AM,5m 59s,"38.342694°, -122.715285°","466 Primero Ct, Cotati, CA 94931, USA",N/A
Dane,N/A,02/06/2025 08:22:52 AM,02/06/2025 08:28:12 AM,5m 20s,"38.342694°, -122.715285°","466 Primero Ct, Cotati, CA 94931, USA",N/A
Dane,N/A,02/06/2025 10:00:33 AM,02/06/2025 10:06:25 AM,5m 52s,"38.345793°, -122.507955°","15089 Trestle Gln, Glen Ellen, CA 95442, USA",N/A
Dane,N/A,02/06/2025 10:25:30 AM,02/06/2025 10:30:42 AM,5m 12s,"38.303024°, -122.488565°","18826 Jami Lee Ln, Sonoma, CA 95476, USA",N/A
Dane,N/A,02/06/2025 10:57:41 AM,02/06/2025 11:19:16 AM,21m 35s,"38.285511°, -122.466010°","362 W Macarthur St, Sonoma, CA 95476, USA",N/A
Dane,N/A,02/06/2025 12:06:36 PM,02/06/2025 12:17:34 PM,10m 58s,"38.284308°, -122.453786°","280 E Macarthur St, Sonoma, CA 95476, USA",N/A
Dane,N/A,02/07/2025 07:28:52 AM,02/07/2025 07:44:04 AM,15m 12s,"38.329631°, -122.704211°","286 Bruce Ave, Rohnert Park, CA 94928, USA",N/A
Dane,N/A,02/07/2025 08:27:42 AM,02/07/2025 08:33:44 AM,6m 2s,"38.342671°, -122.715281°","466 Primero Ct, Cotati, CA 94931, USA",N/A
Dane,N/A,02/07/2025 11:33:42 AM,02/07/2025 11:44:54 AM,11m 12s,"38.237130°, -122.614967°","912 Wood Ln, Petaluma, CA 94954, USA",N/A
Dane,N/A,02/10/2025 07:35:52 AM,02/10/2025 07:44:52 AM,9m,"38.329590°, -122.704177°","286 Bruce Ave, Rohnert Park, CA 94928, USA",N/A
Dane,N/A,02/10/2025 10:39:08 AM,02/10/2025 10:46:13 AM,7m 5s,"38.269705°, -122.636299°","1956 Belgrave Dr, Petaluma, CA 94954, USA",N/A
Dane,N/A,02/10/2025 12:58:23 PM,02/10/2025 01:04:27 PM,6m 4s,"38.244184°, -122.617093°","610 S McDowell Blvd, Petaluma, CA 94954, USA",N/A
Dane,N/A,02/10/2025 02:56:27 PM,02/10/2025 03:04:08 PM,7m 41s,"38.325812°, -122.713648°","451 W School St, Cotati, CA 94931, USA",N/A
Dane,N/A,02/11/2025 07:27:53 AM,02/11/2025 07:37:31 AM,9m 38s,"38.329600°, -122.704211°","286 Bruce Ave, Rohnert Park, CA 94928, USA",N/A
Dane,N/A,02/11/2025 08:23:39 AM,02/11/2025 08:31:03 AM,7m 24s,"38.342712°, -122.715279°","466 Primero Ct, Cotati, CA 94931, USA",N/A
Dane,N/A,02/12/2025 01:11:25 PM,02/12/2025 01:19:07 PM,7m 42s,"38.226474°, -122.657078°","58 W Haven Way, Petaluma, CA 94952, USA",N/A
Dane,N/A,02/12/2025 05:20:18 PM,02/12/2025 05:26:30 PM,6m 12s,"38.253276°, -122.665967°","14 Chrisdumar Ln, Petaluma, CA 94952, USA",N/A
Dane,N/A,02/20/2025 07:35:36 AM,02/20/2025 07:44:50 AM,9m 14s,"38.329563°, -122.704347°","274 Bruce Ave, Rohnert Park, CA 94928, USA",N/A
Dane,N/A,02/20/2025 01:28:52 PM,02/20/2025 01:43:18 PM,14m 26s,"38.302237°, -122.474882°","19050 Lomita Ave, Sonoma, CA 95476, USA",N/A
Dane,N/A,02/21/2025 07:22:59 AM,02/21/2025 07:42:47 AM,19m 48s,"38.329610°, -122.704234°","286 Bruce Ave, Rohnert Park, CA 94928, USA",N/A
Dane,N/A,02/21/2025 01:18:47 PM,02/21/2025 01:24:51 PM,6m 4s,"38.225543°, -122.625644°","54 Baker Ct, Petaluma, CA 94952, USA",N/A
Dane,N/A,02/21/2025 01:30:47 PM,02/21/2025 01:36:17 PM,5m 30s,"38.231958°, -122.648990°","503 Baker St, Petaluma, CA 94952, USA",N/A
Dane,N/A,02/24/2025 10:15:07 AM,02/24/2025 10:21:26 AM,6m 19s,"38.362553°, -122.714459°","5070 Redwood Dr, Rohnert Park, CA 94928, USA",N/A
Dane,N/A,02/24/2025 01:53:29 PM,02/24/2025 02:12:53 PM,19m 24s,"38.286161°, -122.466196°","371 Nicoli Ln, Sonoma, CA 95476, USA",N/A
Dane,N/A,02/25/2025 01:32:19 PM,02/25/2025 01:41:01 PM,8m 42s,"38.237970°, -122.635394°","217 Lakeville St, Petaluma, CA 94952, USA",N/A
Dane,N/A,02/25/2025 02:16:37 PM,02/25/2025 02:31:07 PM,14m 30s,"38.234202°, -122.657965°","825 Bodega Ave, Petaluma, CA 94952, USA",N/A
Dane,N/A,02/26/2025 09:05:22 AM,02/26/2025 09:11:51 AM,6m 29s,"38.266626°, -122.647087°","925 Maria Dr, Petaluma, CA 94954, USA",N/A
Dane,N/A,02/26/2025 10:54:43 AM,02/26/2025 11:04:43 AM,10m,"38.263022°, -122.647417°","839 Winton Dr, Petaluma, CA 94954, USA",N/A
Dane,N/A,02/26/2025 12:11:13 PM,02/26/2025 12:28:44 PM,17m 31s,"38.248528°, -122.624055°","301 S McDowell Blvd, Petaluma, CA 94954, USA",N/A
Dane,N/A,02/26/2025 01:22:52 PM,02/26/2025 01:31:58 PM,9m 6s,"38.234949°, -122.665776°","1514 Bodega Ave, Petaluma, CA 94952, USA",N/A
Dane,N/A,02/26/2025 02:19:46 PM,02/26/2025 02:28:15 PM,8m 29s,"38.334635°, -122.711616°","11 Wilford Ln, Cotati, CA 94931, USA",N/A
Dane,N/A,02/27/2025 12:50:54 PM,02/27/2025 12:57:17 PM,6m 23s,"38.312248°, -122.487601°","18070 Riverside Dr, Sonoma, CA 95476, USA",N/A
Dane,N/A,02/28/2025 01:27:50 PM,02/28/2025 01:43:07 PM,15m 17s,"38.269555°, -122.636426°","1900 Belgrave Dr, Petaluma, CA 94954, USA",N/A
Dane,N/A,03/03/2025 11:37:20 AM,03/03/2025 12:02:16 PM,24m 56s,"38.355321°, -122.524910°","14211 Arnold Dr, Glen Ellen, CA 95442, USA",N/A
Dane,N/A,03/04/2025 08:41:34 AM,03/04/2025 08:46:53 AM,5m 19s,"38.342650°, -122.715333°","466 Primero Ct, Cotati, CA 94931, USA",N/A
Dane,N/A,03/04/2025 09:08:59 AM,03/04/2025 09:14:36 AM,5m 37s,"38.334460°, -122.709827°","73 Creek Ct, Cotati, CA 94931, USA",N/A
Dane,N/A,03/04/2025 10:40:30 AM,03/04/2025 10:55:33 AM,15m 3s,"38.265338°, -122.645687°","836 Stillson Dr, Petaluma, CA 94954, USA",N/A
Dane,N/A,03/04/2025 01:47:48 PM,03/04/2025 02:12:37 PM,24m 49s,"38.235335°, -122.669769°","1905 Bodega Ave, Petaluma, CA 94952, USA",N/A
Dane,N/A,03/04/2025 02:31:55 PM,03/04/2025 02:43:17 PM,11m 22s,"38.329573°, -122.704333°","274 Bruce Ave, Rohnert Park, CA 94928, USA",N/A
Dane,N/A,03/05/2025 11:39:03 AM,03/05/2025 11:53:32 AM,14m 29s,"38.250938°, -122.563845°","3977 Adobe Rd, Petaluma, CA 94954, USA",N/A
Dane,N/A,03/07/2025 10:37:25 AM,03/07/2025 10:43:06 AM,5m 41s,"38.234172°, -122.645334°","421 Washington St, Petaluma, CA 94952, USA",N/A
Dane,N/A,03/07/2025 01:03:17 PM,03/07/2025 01:19:48 PM,16m 31s,"38.251462°, -122.616075°","1533 McGregor Ave, Petaluma, CA 94954, USA",N/A
Dane,N/A,03/07/2025 01:52:56 PM,03/07/2025 02:00:04 PM,7m 8s,"38.242390°, -122.614063°","802 S McDowell Blvd, Petaluma, CA 94954, USA",N/A
Dane,N/A,03/11/2025 07:41:53 AM,03/11/2025 07:47:29 AM,5m 36s,"38.329550°, -122.704212°","285 Burton Ave, Rohnert Park, CA 94928, USA",N/A
Dane,N/A,03/11/2025 12:05:06 PM,03/11/2025 12:10:08 PM,5m 2s,"38.244411°, -122.614260°","1405 Caulfield Ln, Petaluma, CA 94954, USA",N/A
Dane,N/A,03/11/2025 01:30:00 PM,03/11/2025 01:35:23 PM,5m 23s,"38.329564°, -122.704276°","285 Burton Ave, Rohnert Park, CA 94928, USA",N/A
Dane,N/A,03/12/2025 10:56:17 AM,03/12/2025 11:15:25 AM,19m 8s,"38.231174°, -122.653139°","704 N Webster St, Petaluma, CA 94952, USA",N/A
Dane,N/A,03/12/2025 12:05:07 PM,03/12/2025 12:12:11 PM,7m 4s,"38.239432°, -122.628090°","729 Judith Ct, Petaluma, CA 94952, USA",N/A
Dane,N/A,03/13/2025 12:22:07 PM,03/13/2025 12:28:11 PM,6m 4s,"38.241952°, -122.592937°","2 Arrowhead Ct, Petaluma, CA 94954, USA",N/A
Dane,N/A,03/13/2025 01:29:32 PM,03/13/2025 01:34:45 PM,5m 13s,"38.231046°, -122.649635°","744 Western Ave, Petaluma, CA 94952, USA",N/A
Dane,N/A,03/14/2025 09:48:39 AM,03/14/2025 10:04:30 AM,15m 51s,"38.267005°, -122.671212°","4689 Petaluma Blvd N, Petaluma, CA 94952, USA",N/A
Dane,N/A,03/14/2025 11:19:20 AM,03/14/2025 11:26:47 AM,7m 27s,"38.246809°, -122.592662°","2009 Coast Oak Ln, Petaluma, CA 94954, USA",N/A
Dane,N/A,03/14/2025 12:03:05 PM,03/14/2025 12:10:20 PM,7m 15s,"38.252617°, -122.604332°","2101 St Augustine Cir, Petaluma, CA 94954, USA",N/A
Dane,N/A,03/14/2025 12:26:26 PM,03/14/2025 12:38:42 PM,12m 16s,"38.234189°, -122.657986°","829 El Paseo Dr, Petaluma, CA 94952, USA",N/A
Joe,N/A,01/02/2025 09:01:11 AM,01/02/2025 09:11:19 AM,10m 8s,"38.476986°, -122.751406°","3543 Coffey Meadow Pl, Santa Rosa, CA 95403, USA",N/A
Joe,N/A,01/03/2025 08:16:37 AM,01/03/2025 08:26:36 AM,9m 59s,"38.476946°, -122.751308°","3543 Coffey Meadow Pl, Santa Rosa, CA 95403, USA",N/A
Joe,N/A,01/06/2025 08:54:19 AM,01/06/2025 09:05:07 AM,10m 48s,"38.476933°, -122.751273°","3543 Coffey Meadow Pl, Santa Rosa, CA 95403, USA",N/A
Joe,N/A,01/07/2025 02:38:54 PM,01/07/2025 03:01:56 PM,23m 2s,"38.380375°, -122.713881°","4034 Santa Rosa Ave, Santa Rosa, CA 95407, USA",N/A
Joe,N/A,01/08/2025 09:10:13 AM,01/08/2025 09:23:58 AM,13m 45s,"38.476965°, -122.751295°","3543 Coffey Meadow Pl, Santa Rosa, CA 95403, USA",N/A
Joe,N/A,01/09/2025 09:17:38 AM,01/09/2025 09:39:45 AM,22m 7s,"38.476953°, -122.751262°","3543 Coffey Meadow Pl, Santa Rosa, CA 95403, USA",N/A
Joe,N/A,01/09/2025 10:55:54 AM,01/09/2025 11:04:26 AM,8m 32s,"38.507864°, -122.988776°","15560 River Rd, Guerneville, CA 95446, USA",N/A
Joe,N/A,01/09/2025 01:01:09 PM,01/09/2025 01:08:48 PM,7m 39s,"38.499479°, -122.993353°","16155 Drake Rd, Guerneville, CA 95446, USA",N/A
Joe,N/A,01/10/2025 08:54:44 AM,01/10/2025 09:09:11 AM,14m 27s,"38.476967°, -122.751301°","3543 Coffey Meadow Pl, Santa Rosa, CA 95403, USA",N/A
Joe,N/A,01/13/2025 08:21:58 AM,01/13/2025 08:32:06 AM,10m 8s,"38.476926°, -122.751306°","3543 Coffey Meadow Pl, Santa Rosa, CA 95403, USA",N/A
Joe,N/A,01/13/2025 08:32:21 AM,01/13/2025 08:45:20 AM,12m 59s,"38.476969°, -122.751285°","3543 Coffey Meadow Pl, Santa Rosa, CA 95403, USA",N/A
Joe,N/A,01/14/2025 08:46:08 AM,01/14/2025 09:02:17 AM,16m 9s,"38.476954°, -122.751291°","3543 Coffey Meadow Pl, Santa Rosa, CA 95403, USA",N/A
Joe,N/A,01/14/2025 09:30:19 AM,01/14/2025 09:35:49 AM,5m 30s,"38.457718°, -122.772565°","2545 Dakota Ave, Santa Rosa, CA 95403, USA",N/A
Joe,N/A,01/14/2025 01:00:28 PM,01/14/2025 01:11:29 PM,11m 1s,"38.361322°, -122.617605°","5130 Burnham Ranch Rd, Santa Rosa, CA 95404, USA",N/A
Joe,N/A,01/15/2025 08:46:14 AM,01/15/2025 09:04:25 AM,18m 11s,"38.476960°, -122.751305°","3543 Coffey Meadow Pl, Santa Rosa, CA 95403, USA",N/A
Joe,N/A,01/16/2025 08:55:05 AM,01/16/2025 09:16:22 AM,21m 17s,"38.476946°, -122.751298°","3543 Coffey Meadow Pl, Santa Rosa, CA 95403, USA",N/A
Joe,N/A,01/17/2025 09:01:00 AM,01/17/2025 09:20:19 AM,19m 19s,"38.476962°, -122.751246°","3543 Coffey Meadow Pl, Santa Rosa, CA 95403, USA",N/A
Joe,N/A,01/20/2025 08:35:36 AM,01/20/2025 08:44:42 AM,9m 6s,"38.476896°, -122.751202°","3542 Coffey Meadow Pl, Santa Rosa, CA 95403, USA",N/A
Joe,N/A,01/21/2025 09:04:04 AM,01/21/2025 09:17:39 AM,13m 35s,"38.476954°, -122.751319°","3543 Coffey Meadow Pl, Santa Rosa, CA 95403, USA",N/A
Joe,N/A,01/21/2025 11:49:22 AM,01/21/2025 11:59:59 AM,10m 37s,"38.478137°, -122.656309°","5165 Parkhurst Dr, Santa Rosa, CA 95409, USA",N/A
Joe,N/A,01/22/2025 09:20:23 AM,01/22/2025 09:26:30 AM,6m 7s,"38.476922°, -122.751283°","3543 Coffey Meadow Pl, Santa Rosa, CA 95403, USA",N/A
Joe,N/A,01/22/2025 04:19:27 PM,01/22/2025 04:25:32 PM,6m 5s,"38.469538°, -122.744237°","3240 Coffey Ln, Santa Rosa, CA 95403, USA",N/A
Joe,N/A,01/23/2025 08:54:32 AM,01/23/2025 09:10:29 AM,15m 57s,"38.476966°, -122.751388°","3543 Coffey Meadow Pl, Santa Rosa, CA 95403, USA",N/A
Joe,N/A,01/24/2025 09:00:01 AM,01/24/2025 09:19:54 AM,19m 53s,"38.476933°, -122.751289°","3543 Coffey Meadow Pl, Santa Rosa, CA 95403, USA",N/A
Joe,N/A,01/24/2025 09:58:47 AM,01/24/2025 10:05:55 AM,7m 8s,"38.347650°, -122.674809°","2001 Kingwood Rd, Rohnert Park, CA 94928, USA",N/A
Joe,N/A,01/25/2025 02:01:43 PM,01/25/2025 02:16:39 PM,14m 56s,"38.476949°, -122.751308°","3543 Coffey Meadow Pl, Santa Rosa, CA 95403, USA",N/A
Joe,N/A,01/25/2025 04:26:50 PM,01/25/2025 04:41:17 PM,14m 27s,"38.476952°, -122.751256°","3543 Coffey Meadow Pl, Santa Rosa, CA 95403, USA",N/A
Joe,N/A,01/27/2025 08:46:22 AM,01/27/2025 09:07:21 AM,20m 59s,"38.476928°, -122.751281°","3543 Coffey Meadow Pl, Santa Rosa, CA 95403, USA",N/A
Joe,N/A,01/27/2025 12:46:51 PM,01/27/2025 12:54:41 PM,7m 50s,"38.626593°, -122.873108°","1301 Healdsburg Ave, Healdsburg, CA 95448, USA",N/A
Joe,N/A,01/28/2025 08:53:47 AM,01/28/2025 09:10:00 AM,16m 13s,"38.476946°, -122.751285°","3543 Coffey Meadow Pl, Santa Rosa, CA 95403, USA",N/A
Joe,N/A,01/29/2025 08:59:52 AM,01/29/2025 09:17:37 AM,17m 45s,"38.476954°, -122.751252°","3543 Coffey Meadow Pl, Santa Rosa, CA 95403, USA",N/A
Joe,N/A,01/29/2025 11:54:11 AM,01/29/2025 12:07:01 PM,12m 50s,"38.224539°, -122.668743°","2802 Western Ave, Petaluma, CA 94952, USA",N/A
Joe,N/A,01/31/2025 04:50:30 PM,01/31/2025 04:57:25 PM,6m 55s,"38.394037°, -122.925088°","12454 Fiori Ln, Sebastopol, CA 95472, USA",N/A
Joe,N/A,02/02/2025 01:35:50 PM,02/02/2025 01:42:26 PM,6m 36s,"38.476934°, -122.751307°","3543 Coffey Meadow Pl, Santa Rosa, CA 95403, USA",N/A
Joe,N/A,02/03/2025 08:44:00 AM,02/03/2025 09:02:29 AM,18m 29s,"38.476984°, -122.751210°","3543 Coffey Meadow Pl, Santa Rosa, CA 95403, USA",N/A
Joe,N/A,02/04/2025 08:40:41 AM,02/04/2025 08:57:24 AM,16m 43s,"38.476970°, -122.751284°","3543 Coffey Meadow Pl, Santa Rosa, CA 95403, USA",N/A
Joe,N/A,02/05/2025 07:34:15 AM,02/05/2025 07:44:32 AM,10m 17s,"38.476934°, -122.751279°","3543 Coffey Meadow Pl, Santa Rosa, CA 95403, USA",N/A
Joe,N/A,02/06/2025 01:45:10 AM,02/06/2025 03:34:44 AM,1h 49m 34s,"38.476937°, -122.751245°","3543 Coffey Meadow Pl, Santa Rosa, CA 95403, USA",N/A
Joe,N/A,02/06/2025 08:20:12 AM,02/06/2025 08:30:52 AM,10m 40s,"38.476937°, -122.751245°","3543 Coffey Meadow Pl, Santa Rosa, CA 95403, USA",N/A
Joe,N/A,02/06/2025 11:07:55 AM,02/06/2025 11:14:14 AM,6m 19s,"38.224588°, -122.668751°","2802 Western Ave, Petaluma, CA 94952, USA",N/A
Joe,N/A,02/07/2025 08:57:53 AM,02/07/2025 09:11:25 AM,13m 32s,"38.476939°, -122.751276°","3543 Coffey Meadow Pl, Santa Rosa, CA 95403, USA",N/A
Joe,N/A,02/07/2025 04:24:43 PM,02/07/2025 04:40:27 PM,15m 44s,"38.478545°, -122.999395°","19366 Redwood Glade, Guerneville, CA 95446, USA",N/A
Joe,N/A,02/07/2025 04:40:43 PM,02/07/2025 04:49:59 PM,9m 16s,"38.478522°, -122.999466°","19390 Pine Glade, Guerneville, CA 95446, USA",N/A
Joe,N/A,02/07/2025 04:50:43 PM,02/07/2025 05:03:15 PM,12m 32s,"38.478547°, -122.999606°","19390 Pine Glade, Guerneville, CA 95446, USA",N/A
Joe,N/A,02/10/2025 08:38:06 AM,02/10/2025 08:48:15 AM,10m 9s,"38.476955°, -122.751302°","3543 Coffey Meadow Pl, Santa Rosa, CA 95403, USA",N/A
Joe,N/A,02/10/2025 08:48:29 AM,02/10/2025 09:08:06 AM,19m 37s,"38.477021°, -122.751340°","3543 Coffey Meadow Pl, Santa Rosa, CA 95403, USA",N/A
Joe,N/A,02/10/2025 12:12:57 PM,02/10/2025 12:19:11 PM,6m 14s,"38.485922°, -122.713180°","1401 Fountaingrove Pkwy, Santa Rosa, CA 95403, USA",N/A
Joe,N/A,02/11/2025 07:59:20 AM,02/11/2025 08:19:56 AM,20m 36s,"38.476947°, -122.751272°","3543 Coffey Meadow Pl, Santa Rosa, CA 95403, USA",N/A
Joe,N/A,02/12/2025 08:52:55 AM,02/12/2025 09:07:57 AM,15m 2s,"38.476939°, -122.751289°","3543 Coffey Meadow Pl, Santa Rosa, CA 95403, USA",N/A
Joe,N/A,02/12/2025 11:01:19 AM,02/12/2025 11:11:15 AM,9m 56s,"38.475718°, -122.713251°","3573 Kirkridge St, Santa Rosa, CA 95403, USA",N/A
Joe,N/A,02/12/2025 02:34:20 PM,02/12/2025 02:39:51 PM,5m 31s,"38.434515°, -122.687442°","1416 Farmers Ln, Santa Rosa, CA 95405, USA",N/A
Joe,N/A,02/13/2025 08:48:21 AM,02/13/2025 09:09:57 AM,21m 36s,"38.476934°, -122.751263°","3543 Coffey Meadow Pl, Santa Rosa, CA 95403, USA",N/A
Joe,N/A,02/14/2025 08:44:54 AM,02/14/2025 09:05:57 AM,21m 3s,"38.476935°, -122.751307°","3543 Coffey Meadow Pl, Santa Rosa, CA 95403, USA",N/A
Joe,N/A,02/14/2025 01:04:56 PM,02/14/2025 01:10:08 PM,5m 12s,"38.467679°, -122.644922°","2 Quixote Ct, Santa Rosa, CA 95409, USA",N/A
Joe,N/A,02/16/2025 11:42:43 AM,02/16/2025 11:52:52 AM,10m 9s,"38.476989°, -122.751407°","3543 Coffey Meadow Pl, Santa Rosa, CA 95403, USA",N/A
Joe,N/A,02/16/2025 11:53:07 AM,02/16/2025 12:04:18 PM,11m 11s,"38.476985°, -122.751319°","3543 Coffey Meadow Pl, Santa Rosa, CA 95403, USA",N/A
Joe,N/A,02/17/2025 08:57:05 AM,02/17/2025 09:12:12 AM,15m 7s,"38.476931°, -122.751299°","3543 Coffey Meadow Pl, Santa Rosa, CA 95403, USA",N/A
Joe,N/A,02/17/2025 12:59:43 PM,02/17/2025 01:06:11 PM,6m 28s,"38.409121°, -122.840726°","868 Hwy 116 N, Sebastopol, CA 95472, USA",N/A
Joe,N/A,02/18/2025 08:35:50 AM,02/18/2025 08:48:15 AM,12m 25s,"38.476963°, -122.751285°","3543 Coffey Meadow Pl, Santa Rosa, CA 95403, USA",N/A
Joe,N/A,02/19/2025 08:26:55 AM,02/19/2025 08:47:20 AM,20m 25s,"38.476919°, -122.751306°","3543 Coffey Meadow Pl, Santa Rosa, CA 95403, USA",N/A
Joe,N/A,02/19/2025 02:52:06 PM,02/19/2025 03:02:20 PM,10m 14s,"38.433666°, -122.675256°","2555 Brookhaven Dr, Santa Rosa, CA 95405, USA",N/A
Joe,N/A,02/20/2025 08:44:39 AM,02/20/2025 09:02:26 AM,17m 47s,"38.476943°, -122.751308°","3543 Coffey Meadow Pl, Santa Rosa, CA 95403, USA",N/A
Joe,N/A,02/20/2025 12:43:22 PM,02/20/2025 12:54:42 PM,11m 20s,"38.258278°, -122.964949°","30 Kona Ln, Dillon Beach, CA 94929, USA",N/A
Joe,N/A,02/21/2025 08:52:30 AM,02/21/2025 09:08:23 AM,15m 53s,"38.476979°, -122.751313°","3543 Coffey Meadow Pl, Santa Rosa, CA 95403, USA",N/A
Joe,N/A,02/21/2025 09:21:09 AM,02/21/2025 10:37:18 AM,1h 16m 9s,"38.481321°, -122.693223°","3682 Rutherford Way, Santa Rosa, CA 95404, USA",N/A
Joe,N/A,02/23/2025 01:43:19 PM,02/23/2025 01:51:49 PM,8m 30s,"38.477033°, -122.751285°","3543 Coffey Meadow Pl, Santa Rosa, CA 95403, USA",N/A
Joe,N/A,02/24/2025 08:34:39 AM,02/24/2025 08:44:33 AM,9m 54s,"38.476934°, -122.751287°","3543 Coffey Meadow Pl, Santa Rosa, CA 95403, USA",N/A
Joe,N/A,02/25/2025 08:55:45 AM,02/25/2025 09:05:29 AM,9m 44s,"38.476938°, -122.751277°","3543 Coffey Meadow Pl, Santa Rosa, CA 95403, USA",N/A
Joe,N/A,02/26/2025 08:51:42 AM,02/26/2025 09:00:54 AM,9m 12s,"38.476949°, -122.751284°","3543 Coffey Meadow Pl, Santa Rosa, CA 95403, USA",N/A
Joe,N/A,02/26/2025 01:19:59 PM,02/26/2025 01:25:02 PM,5m 3s,"38.391890°, -122.910675°","1312 Rim of The Redwoods Rd, Sebastopol, CA 95472, USA",N/A
Joe,N/A,02/27/2025 08:57:52 AM,02/27/2025 09:22:35 AM,24m 43s,"38.476928°, -122.751272°","3543 Coffey Meadow Pl, Santa Rosa, CA 95403, USA",N/A
Joe,N/A,02/27/2025 01:02:59 PM,02/27/2025 01:08:43 PM,5m 44s,"38.436128°, -122.715841°","433 Sonoma Ave, Santa Rosa, CA 95401, USA",N/A
Joe,N/A,02/28/2025 08:54:24 AM,02/28/2025 09:13:46 AM,19m 22s,"38.476933°, -122.751254°","3543 Coffey Meadow Pl, Santa Rosa, CA 95403, USA",N/A
Joe,N/A,03/01/2025 07:46:20 PM,03/01/2025 07:52:29 PM,6m 9s,"38.476927°, -122.751300°","3543 Coffey Meadow Pl, Santa Rosa, CA 95403, USA",N/A
Joe,N/A,03/01/2025 08:24:04 PM,03/01/2025 08:35:21 PM,11m 17s,"38.476927°, -122.751300°","3543 Coffey Meadow Pl, Santa Rosa, CA 95403, USA",N/A
Joe,N/A,03/02/2025 07:12:16 PM,03/02/2025 08:14:15 PM,1h 1m 59s,"38.476968°, -122.751296°","3543 Coffey Meadow Pl, Santa Rosa, CA 95403, USA",N/A
Joe,N/A,03/03/2025 08:49:53 AM,03/03/2025 09:11:19 AM,21m 26s,"38.476968°, -122.751296°","3543 Coffey Meadow Pl, Santa Rosa, CA 95403, USA",N/A
Joe,N/A,03/03/2025 04:16:42 PM,03/03/2025 04:25:22 PM,8m 40s,"38.476949°, -122.751285°","3543 Coffey Meadow Pl, Santa Rosa, CA 95403, USA",N/A
Joe,N/A,03/04/2025 08:52:05 AM,03/04/2025 09:05:58 AM,13m 53s,"38.476949°, -122.751285°","3543 Coffey Meadow Pl, Santa Rosa, CA 95403, USA",N/A
Joe,N/A,03/04/2025 12:20:43 PM,03/04/2025 12:28:40 PM,7m 57s,"38.497198°, -122.749656°","4056 Alexander David Ct, Santa Rosa, CA 95403, USA",N/A
Joe,N/A,03/04/2025 05:20:16 PM,03/04/2025 05:31:22 PM,11m 6s,"38.434988°, -122.744187°","366 Brockhurst Dr, Santa Rosa, CA 95401, USA",N/A
Joe,N/A,03/05/2025 08:56:25 AM,03/05/2025 09:17:13 AM,20m 48s,"38.476931°, -122.751277°","3543 Coffey Meadow Pl, Santa Rosa, CA 95403, USA",N/A
Joe,N/A,03/06/2025 08:52:20 AM,03/06/2025 09:09:36 AM,17m 16s,"38.476959°, -122.751266°","3543 Coffey Meadow Pl, Santa Rosa, CA 95403, USA",N/A
Joe,N/A,03/07/2025 08:54:38 AM,03/07/2025 09:20:26 AM,25m 48s,"38.476945°, -122.751264°","3543 Coffey Meadow Pl, Santa Rosa, CA 95403, USA",N/A
Joe,N/A,03/10/2025 09:03:20 AM,03/10/2025 09:20:11 AM,16m 51s,"38.476944°, -122.751311°","3543 Coffey Meadow Pl, Santa Rosa, CA 95403, USA",N/A
Joe,N/A,03/10/2025 10:03:58 AM,03/10/2025 10:15:05 AM,11m 7s,"38.245440°, -122.612551°","1509 Meadowlark Ln, Petaluma, CA 94954, USA",N/A
Joe,N/A,03/11/2025 08:49:35 AM,03/11/2025 09:14:24 AM,24m 49s,"38.476943°, -122.751278°","3543 Coffey Meadow Pl, Santa Rosa, CA 95403, USA",N/A
Joe,N/A,03/12/2025 08:28:03 AM,03/12/2025 08:52:27 AM,24m 24s,"38.476951°, -122.751311°","3543 Coffey Meadow Pl, Santa Rosa, CA 95403, USA",N/A
Joe,N/A,03/12/2025 12:37:21 PM,03/12/2025 12:56:31 PM,19m 10s,"38.479125°, -122.666056°","5023 Rick Dr, Santa Rosa, CA 95409, USA",N/A
Joe,N/A,03/13/2025 08:32:28 AM,03/13/2025 08:40:52 AM,8m 24s,"38.476920°, -122.751252°","3543 Coffey Meadow Pl, Santa Rosa, CA 95403, USA",N/A
Joe,N/A,03/13/2025 12:50:21 PM,03/13/2025 12:55:31 PM,5m 10s,"38.344458°, -122.827340°","3516 Bloomfield Rd, Sebastopol, CA 95472, USA",N/A
Joe,N/A,03/14/2025 09:13:10 AM,03/14/2025 09:27:49 AM,14m 39s,"38.476936°, -122.751268°","3543 Coffey Meadow Pl, Santa Rosa, CA 95403, USA",N/A
Joe,N/A,03/16/2025 01:43:39 PM,03/16/2025 01:53:48 PM,10m 9s,"38.477009°, -122.751331°","3543 Coffey Meadow Pl, Santa Rosa, CA 95403, USA",N/A
PORTER,N/A,01/02/2025 07:32:33 AM,01/02/2025 07:45:42 AM,13m 9s,"38.229126°, -122.624489°","1033 Warren Dr, Petaluma, CA 94952, USA",N/A
PORTER,N/A,01/03/2025 07:16:58 AM,01/03/2025 07:27:22 AM,10m 24s,"38.228962°, -122.624435°","1033 Warren Dr, Petaluma, CA 94952, USA",N/A
PORTER,N/A,01/06/2025 08:01:44 AM,01/06/2025 08:20:38 AM,18m 54s,"38.229095°, -122.624603°","1001 Warren Dr, Petaluma, CA 94952, USA",N/A
PORTER,N/A,01/06/2025 10:39:10 AM,01/06/2025 10:45:01 AM,5m 51s,"38.342525°, -122.715416°","466 Primero Ct, Cotati, CA 94931, USA",N/A
PORTER,N/A,01/07/2025 07:48:22 AM,01/07/2025 07:57:48 AM,9m 26s,"38.229118°, -122.624672°","1001 Warren Dr, Petaluma, CA 94952, USA",N/A
PORTER,N/A,01/09/2025 07:45:41 AM,01/09/2025 07:53:06 AM,7m 25s,"38.228973°, -122.624595°","1005 Warren Dr, Petaluma, CA 94952, USA",N/A
PORTER,N/A,01/10/2025 07:26:40 AM,01/10/2025 07:33:42 AM,7m 2s,"38.229015°, -122.624626°","1001 Warren Dr, Petaluma, CA 94952, USA",N/A
PORTER,N/A,01/12/2025 07:32:26 PM,01/12/2025 07:38:45 PM,6m 19s,"38.229149°, -122.624824°","1001 Warren Dr, Petaluma, CA 94952, USA",N/A
PORTER,N/A,01/13/2025 07:43:02 AM,01/13/2025 07:51:53 AM,8m 51s,"38.229073°, -122.624733°","1001 Warren Dr, Petaluma, CA 94952, USA",N/A
PORTER,N/A,01/15/2025 07:45:28 AM,01/15/2025 07:51:54 AM,6m 26s,"38.229080°, -122.624435°","1033 Warren Dr, Petaluma, CA 94952, USA",N/A
PORTER,N/A,01/16/2025 08:17:40 AM,01/16/2025 08:23:09 AM,5m 29s,"38.229004°, -122.624443°","1033 Warren Dr, Petaluma, CA 94952, USA",N/A
PORTER,N/A,01/22/2025 07:47:55 AM,01/22/2025 07:54:01 AM,6m 6s,"38.228985°, -122.624657°","1005 Warren Dr, Petaluma, CA 94952, USA",N/A
PORTER,N/A,01/24/2025 07:17:13 AM,01/24/2025 07:37:53 AM,20m 40s,"38.229111°, -122.624763°","1001 Warren Dr, Petaluma, CA 94952, USA",N/A
PORTER,N/A,01/26/2025 04:19:36 PM,01/26/2025 04:29:23 PM,9m 47s,"38.228809°, -122.624252°","1025 Warren Dr, Petaluma, CA 94952, USA",N/A
PORTER,N/A,01/27/2025 08:03:44 AM,01/27/2025 08:11:24 AM,7m 40s,"38.229168°, -122.624504°","1033 Warren Dr, Petaluma, CA 94952, USA",N/A
PORTER,N/A,01/28/2025 07:35:32 AM,01/28/2025 07:41:38 AM,6m 6s,"38.228790°, -122.625351°","1049 Addison Cir, Petaluma, CA 94952, USA",N/A
PORTER,N/A,01/29/2025 08:39:29 AM,01/29/2025 08:55:40 AM,16m 11s,"38.229019°, -122.624634°","1001 Warren Dr, Petaluma, CA 94952, USA",N/A
PORTER,N/A,01/30/2025 08:01:54 AM,01/30/2025 08:14:01 AM,12m 7s,"38.229092°, -122.624634°","1001 Warren Dr, Petaluma, CA 94952, USA",N/A
PORTER,N/A,01/31/2025 07:26:54 AM,01/31/2025 07:38:26 AM,11m 32s,"38.229183°, -122.624595°","1001 Warren Dr, Petaluma, CA 94952, USA",N/A
PORTER,N/A,02/02/2025 11:38:55 AM,02/02/2025 11:47:06 AM,8m 11s,"38.229175°, -122.624611°","1001 Warren Dr, Petaluma, CA 94952, USA",N/A
PORTER,N/A,02/03/2025 01:15:31 PM,02/03/2025 01:21:28 PM,5m 57s,"38.275997°, -122.635505°","909 Mustang Ct, Petaluma, CA 94954, USA",N/A
PORTER,N/A,02/04/2025 07:25:29 AM,02/04/2025 07:35:46 AM,10m 17s,"38.229214°, -122.624832°","1001 Warren Dr, Petaluma, CA 94952, USA",N/A
PORTER,N/A,02/05/2025 07:22:57 AM,02/05/2025 07:37:04 AM,14m 7s,"38.229198°, -122.624519°","1033 Warren Dr, Petaluma, CA 94952, USA",N/A
PORTER,N/A,02/05/2025 03:37:04 PM,02/05/2025 03:42:14 PM,5m 10s,"38.331184°, -122.714607°","8510 Hwy 116 S, Cotati, CA 94931, USA",N/A
PORTER,N/A,02/06/2025 07:47:34 AM,02/06/2025 07:59:17 AM,11m 43s,"38.229191°, -122.624107°","1037 Warren Dr, Petaluma, CA 94952, USA",N/A
PORTER,N/A,02/10/2025 09:28:04 AM,02/10/2025 09:48:10 AM,20m 6s,"38.229057°, -122.624580°","1001 Warren Dr, Petaluma, CA 94952, USA",N/A
PORTER,N/A,02/10/2025 08:05:35 PM,02/10/2025 08:11:47 PM,6m 12s,"38.253761°, -122.623390°","109 Penrod Dr, Petaluma, CA 94954, USA",N/A
PORTER,N/A,02/11/2025 07:34:10 AM,02/11/2025 07:41:41 AM,7m 31s,"38.229042°, -122.624473°","1033 Warren Dr, Petaluma, CA 94952, USA",N/A
PORTER,N/A,02/12/2025 07:44:49 AM,02/12/2025 07:50:11 AM,5m 22s,"38.229034°, -122.624626°","1001 Warren Dr, Petaluma, CA 94952, USA",N/A
PORTER,N/A,02/12/2025 05:52:54 PM,02/12/2025 06:00:00 PM,7m 6s,"38.329555°, -122.704185°","285 Burton Ave, Rohnert Park, CA 94928, USA",N/A
PORTER,N/A,02/13/2025 07:40:52 AM,02/13/2025 07:47:11 AM,6m 19s,"38.229065°, -122.624534°","1033 Warren Dr, Petaluma, CA 94952, USA",N/A
PORTER,N/A,02/13/2025 07:53:50 PM,02/13/2025 08:00:21 PM,6m 31s,"38.229023°, -122.624641°","1001 Warren Dr, Petaluma, CA 94952, USA",N/A
PORTER,N/A,02/19/2025 11:08:15 AM,02/19/2025 11:13:18 AM,5m 3s,"38.449600°, -122.746292°","1540 Ridley Ave, Santa Rosa, CA 95401, USA",N/A
PORTER,N/A,02/20/2025 07:32:43 AM,02/20/2025 07:55:14 AM,22m 31s,"38.228897°, -122.624260°","1041 Warren Dr, Petaluma, CA 94952, USA",N/A
PORTER,N/A,03/03/2025 07:15:10 AM,03/03/2025 07:34:06 AM,18m 56s,"38.228931°, -122.624359°","1041 Warren Dr, Petaluma, CA 94952, USA",N/A
PORTER,N/A,03/04/2025 07:25:17 AM,03/04/2025 07:30:51 AM,5m 34s,"38.229084°, -122.624672°","1001 Warren Dr, Petaluma, CA 94952, USA",N/A
PORTER,N/A,03/05/2025 07:28:18 AM,03/05/2025 07:36:09 AM,7m 51s,"38.228962°, -122.624206°","1037 Warren Dr, Petaluma, CA 94952, USA",N/A
PORTER,N/A,03/06/2025 07:46:00 AM,03/06/2025 07:52:09 AM,6m 9s,"38.229023°, -122.624550°","1033 Warren Dr, Petaluma, CA 94952, USA",N/A
PORTER,N/A,03/07/2025 07:27:44 AM,03/07/2025 07:36:34 AM,8m 50s,"38.228977°, -122.624496°","1033 Warren Dr, Petaluma, CA 94952, USA",N/A
PORTER,N/A,03/07/2025 11:51:42 AM,03/07/2025 11:59:12 AM,7m 30s,"38.080845°, -122.525238°","26 Bermuda Harbour, Novato, CA 94949, USA",N/A
PORTER,N/A,03/10/2025 08:12:48 AM,03/10/2025 08:24:05 AM,11m 17s,"38.229046°, -122.624649°","1001 Warren Dr, Petaluma, CA 94952, USA",N/A
PORTER,N/A,03/10/2025 10:54:34 AM,03/10/2025 11:01:28 AM,6m 54s,"38.330974°, -122.714767°","8510 Hwy 116 S, Cotati, CA 94931, USA",N/A
PORTER,N/A,03/11/2025 07:36:27 AM,03/11/2025 07:42:15 AM,5m 48s,"38.229134°, -122.624496°","1033 Warren Dr, Petaluma, CA 94952, USA",N/A
PORTER,N/A,03/12/2025 07:34:36 AM,03/12/2025 07:44:15 AM,9m 39s,"38.229080°, -122.624489°","1033 Warren Dr, Petaluma, CA 94952, USA",N/A
PORTER,N/A,03/13/2025 01:19:50 PM,03/13/2025 01:25:38 PM,5m 48s,"38.342510°, -122.715416°","466 Primero Ct, Cotati, CA 94931, USA",N/A
PORTER,N/A,03/14/2025 07:41:35 AM,03/14/2025 07:49:18 AM,7m 43s,"38.229088°, -122.624756°","1001 Warren Dr, Petaluma, CA 94952, USA",N/A
Ricardo (NEW),N/A,01/02/2025 02:44:07 PM,01/02/2025 02:52:11 PM,8m 4s,"38.193111°, -122.710296°","105 Wilson Hill Rd, Petaluma, CA 94952, USA",N/A
Ricardo (NEW),N/A,01/03/2025 09:57:51 AM,01/03/2025 10:03:32 AM,5m 41s,"38.109863°, -122.571388°","1048 2nd St, Novato, CA 94945, USA",N/A
Ricardo (NEW),N/A,01/03/2025 10:37:08 AM,01/03/2025 10:50:54 AM,13m 46s,"38.267929°, -122.640381°","829 Chardonnay Cir, Petaluma, CA 94954, USA",N/A
Ricardo (NEW),N/A,01/03/2025 01:33:53 PM,01/03/2025 01:46:39 PM,12m 46s,"38.232609°, -122.643638°","31 Howard St, Petaluma, CA 94952, USA",N/A
Ricardo (NEW),N/A,01/06/2025 10:00:13 AM,01/06/2025 10:13:17 AM,13m 4s,"38.271454°, -122.642937°","1816 Sandstone Dr, Petaluma, CA 94954, USA",N/A
Ricardo (NEW),N/A,01/06/2025 10:13:21 AM,01/06/2025 10:21:05 AM,7m 44s,"38.271515°, -122.643074°","1816 Sandstone Dr, Petaluma, CA 94954, USA",N/A
Ricardo (NEW),N/A,01/06/2025 02:01:14 PM,01/06/2025 02:18:12 PM,16m 58s,"38.348499°, -122.723701°","561 Rohnert Park Expy, Rohnert Park, CA 94928, USA",N/A
Ricardo (NEW),N/A,01/07/2025 02:37:43 PM,01/07/2025 02:43:15 PM,5m 32s,"38.243603°, -122.686584°","760 Middle 2 Rock Rd, Petaluma, CA 94952, USA",N/A
Ricardo (NEW),N/A,01/07/2025 02:44:07 PM,01/07/2025 02:52:45 PM,8m 38s,"38.241959°, -122.686600°","750 Middle 2 Rock Rd, Petaluma, CA 94952, USA",N/A
Ricardo (NEW),N/A,01/08/2025 09:03:02 AM,01/08/2025 09:09:24 AM,6m 22s,"38.342697°, -122.715347°","466 Primero Ct, Cotati, CA 94931, USA",N/A
Ricardo (NEW),N/A,01/08/2025 10:13:06 AM,01/08/2025 10:18:43 AM,5m 37s,"38.435665°, -122.767448°","2466 Darla Dr, Santa Rosa, CA 95401, USA",N/A
Ricardo (NEW),N/A,01/08/2025 10:44:44 AM,01/08/2025 10:52:14 AM,7m 30s,"38.419369°, -122.716980°","2100 Corby Ave, Santa Rosa, CA 95407, USA",N/A
Ricardo (NEW),N/A,01/08/2025 01:33:31 PM,01/08/2025 01:40:28 PM,6m 57s,"38.346142°, -122.674461°","2208 Kaitlyn Pl, Rohnert Park, CA 94928, USA",N/A
Ricardo (NEW),N/A,01/09/2025 03:07:58 PM,01/09/2025 03:25:28 PM,17m 30s,"38.319576°, -122.302795°","1472 Sumner Ave, Napa, CA 94558, USA",N/A
Ricardo (NEW),N/A,01/10/2025 10:40:49 AM,01/10/2025 10:51:30 AM,10m 41s,"38.342625°, -122.715408°","466 Primero Ct, Cotati, CA 94931, USA",N/A
Ricardo (NEW),N/A,01/10/2025 04:33:48 PM,01/10/2025 04:38:58 PM,5m 10s,"38.248070°, -122.629326°","US-101, Petaluma, CA 94954, USA",N/A
Ricardo (NEW),N/A,01/10/2025 04:45:30 PM,01/10/2025 04:51:36 PM,6m 6s,"38.250744°, -122.634926°","177 Lynch Creek Way, Petaluma, CA 94954, USA",N/A
Ricardo (NEW),N/A,01/13/2025 02:04:46 PM,01/13/2025 02:10:30 PM,5m 44s,"38.237255°, -122.634521°","405 E D St, Petaluma, CA 94952, USA",N/A
Ricardo (NEW),N/A,01/13/2025 06:22:44 PM,01/13/2025 06:33:43 PM,10m 59s,"38.344177°, -122.718506°","92 Ronda St, Rohnert Park, CA 94928, USA",N/A
Ricardo (NEW),N/A,01/15/2025 08:24:31 AM,01/15/2025 08:40:03 AM,15m 32s,"38.342674°, -122.715378°","466 Primero Ct, Cotati, CA 94931, USA",N/A
Ricardo (NEW),N/A,01/15/2025 11:07:21 AM,01/15/2025 11:22:19 AM,14m 58s,"38.465389°, -122.655968°","1205 Hidden Creek Pl, Santa Rosa, CA 95409, USA",N/A
Ricardo (NEW),N/A,01/15/2025 11:25:06 AM,01/15/2025 11:38:19 AM,13m 13s,"38.464889°, -122.655838°","5150 Hwy 12, Santa Rosa, CA 95409, USA",N/A
Ricardo (NEW),N/A,01/15/2025 12:05:34 PM,01/15/2025 12:28:05 PM,22m 31s,"38.464954°, -122.639030°","5780 Marsh Hawk Dr, Santa Rosa, CA 95409, USA",N/A
Ricardo (NEW),N/A,01/15/2025 06:25:17 PM,01/15/2025 06:33:10 PM,7m 53s,"38.344177°, -122.718384°","90 Ronda St, Rohnert Park, CA 94928, USA",N/A
Ricardo (NEW),N/A,01/16/2025 08:10:19 AM,01/16/2025 08:24:28 AM,14m 9s,"38.342705°, -122.715385°","466 Primero Ct, Cotati, CA 94931, USA",N/A
Ricardo (NEW),N/A,01/16/2025 01:14:16 PM,01/16/2025 01:28:13 PM,13m 57s,"38.313263°, -122.310905°","1152 La Pintura Ln, Napa, CA 94558, USA",N/A
Ricardo (NEW),N/A,01/17/2025 08:04:07 AM,01/17/2025 08:10:34 AM,6m 27s,"38.344177°, -122.718376°","90 Ronda St, Rohnert Park, CA 94928, USA",N/A
Ricardo (NEW),N/A,01/17/2025 09:26:19 AM,01/17/2025 09:33:37 AM,7m 18s,"38.329849°, -122.297333°","107 Summerbrooke Cir, Napa, CA 94558, USA",N/A
Ricardo (NEW),N/A,01/17/2025 12:29:10 PM,01/17/2025 12:42:51 PM,13m 41s,"38.329044°, -122.522552°","2343 Sobre Vista Rd, Sonoma, CA 95476, USA",N/A
Ricardo (NEW),N/A,01/17/2025 12:56:40 PM,01/17/2025 01:11:59 PM,15m 19s,"38.304535°, -122.494011°","844 Craig Ave, Sonoma, CA 95476, USA",N/A
Ricardo (NEW),N/A,01/22/2025 09:01:48 AM,01/22/2025 09:12:20 AM,10m 32s,"38.433315°, -122.683250°","1501 Neotomas Ave, Santa Rosa, CA 95405, USA",N/A
Ricardo (NEW),N/A,01/22/2025 12:56:04 PM,01/22/2025 01:03:22 PM,7m 18s,"38.460983°, -122.762352°","2317 Holiday Ct, Santa Rosa, CA 95403, USA",N/A
Ricardo (NEW),N/A,01/22/2025 02:34:06 PM,01/22/2025 02:52:22 PM,18m 16s,"38.426060°, -122.762733°","945 Doubles Dr, Santa Rosa, CA 95407, USA",N/A
Ricardo (NEW),N/A,01/22/2025 04:38:34 PM,01/22/2025 04:57:29 PM,18m 55s,"38.344200°, -122.718567°","92 Ronda St, Rohnert Park, CA 94928, USA",N/A
Ricardo (NEW),N/A,01/23/2025 07:56:13 AM,01/23/2025 08:01:39 AM,5m 26s,"38.344200°, -122.718567°","92 Ronda St, Rohnert Park, CA 94928, USA",N/A
Ricardo (NEW),N/A,01/23/2025 08:11:29 AM,01/23/2025 08:19:14 AM,7m 45s,"38.318859°, -122.700516°","8802 Clothier Ln, Cotati, CA 94931, USA",N/A
Ricardo (NEW),N/A,01/23/2025 08:49:19 AM,01/23/2025 08:55:00 AM,5m 41s,"38.238586°, -122.531158°","4609 Old Adobe Rd, Petaluma, CA 94954, USA",N/A
Ricardo (NEW),N/A,01/23/2025 11:00:38 AM,01/23/2025 11:10:00 AM,9m 22s,"38.331486°, -122.306755°","3824 Jefferson St, Napa, CA 94558, USA",N/A
Ricardo (NEW),N/A,01/23/2025 02:10:21 PM,01/23/2025 02:15:55 PM,5m 34s,"38.339397°, -122.313492°","1427 Gordon Dr, Napa, CA 94558, USA",N/A
Ricardo (NEW),N/A,01/24/2025 03:44:25 PM,01/24/2025 04:02:40 PM,18m 15s,"38.235004°, -122.644859°","212 Keokuk St, Petaluma, CA 94952, USA",N/A
Ricardo (NEW),N/A,02/03/2025 07:56:05 AM,02/03/2025 08:02:34 AM,6m 29s,"38.344204°, -122.718491°","92 Ronda St, Rohnert Park, CA 94928, USA",N/A
Ricardo (NEW),N/A,02/03/2025 08:56:37 AM,02/03/2025 09:03:56 AM,7m 19s,"38.423260°, -122.760757°","3952 Match Point Ave, Santa Rosa, CA 95407, USA",N/A
Ricardo (NEW),N/A,02/03/2025 01:14:56 PM,02/03/2025 01:23:12 PM,8m 16s,"38.271080°, -122.639458°","751 Riesling Rd, Petaluma, CA 94954, USA",N/A
Ricardo (NEW),N/A,02/03/2025 02:17:41 PM,02/03/2025 02:28:13 PM,10m 32s,"38.222969°, -122.638084°","1112 G St, Petaluma, CA 94952, USA",N/A
Ricardo (NEW),N/A,02/04/2025 10:01:13 AM,02/04/2025 10:07:46 AM,6m 33s,"38.313927°, -122.296013°","2600 Brown St, Napa, CA 94558, USA",N/A
Ricardo (NEW),N/A,02/04/2025 10:17:51 AM,02/04/2025 10:24:04 AM,6m 13s,"38.315407°, -122.329231°","2607 Hidden Valley Ln, Napa, CA 94558, USA",N/A
Ricardo (NEW),N/A,02/04/2025 12:23:24 PM,02/04/2025 12:48:04 PM,24m 40s,"38.315273°, -122.329162°","2603 Hidden Valley Ln, Napa, CA 94558, USA",N/A
Ricardo (NEW),N/A,02/04/2025 02:26:57 PM,02/04/2025 02:33:16 PM,6m 19s,"38.292015°, -122.442344°","850 E Napa St, Sonoma, CA 95476, USA",N/A
Ricardo (NEW),N/A,02/05/2025 04:32:57 PM,02/05/2025 04:42:15 PM,9m 18s,"38.344025°, -122.718551°","86 Ronda St, Rohnert Park, CA 94928, USA",N/A
Ricardo (NEW),N/A,02/06/2025 09:18:58 AM,02/06/2025 09:50:18 AM,31m 20s,"38.320980°, -122.297905°","3214 Main St, Napa, CA 94558, USA",N/A
Ricardo (NEW),N/A,02/06/2025 11:18:15 AM,02/06/2025 11:29:43 AM,11m 28s,"38.300857°, -122.238296°","1142 3rd Ave, Napa, CA 94558, USA",N/A
Ricardo (NEW),N/A,02/06/2025 11:34:41 AM,02/06/2025 11:41:32 AM,6m 51s,"38.299484°, -122.276932°","802 Juarez St, Napa, CA 94559, USA",N/A
Ricardo (NEW),N/A,02/06/2025 01:43:40 PM,02/06/2025 01:50:04 PM,6m 24s,"38.304268°, -122.293289°","1229 Hayes St, Napa, CA 94559, USA",N/A
Ricardo (NEW),N/A,02/06/2025 04:08:09 PM,02/06/2025 04:14:31 PM,6m 22s,"38.320907°, -122.297943°","3213 Main St, Napa, CA 94558, USA",N/A
Ricardo (NEW),N/A,02/07/2025 10:57:12 AM,02/07/2025 11:22:07 AM,24m 55s,"38.226406°, -122.638733°","15 Batchelor Ter, Petaluma, CA 94952, USA",N/A
Ricardo (NEW),N/A,02/07/2025 01:49:38 PM,02/07/2025 02:01:31 PM,11m 53s,"38.231506°, -122.636596°","222 4th St, Petaluma, CA 94952, USA",N/A
Ricardo (NEW),N/A,02/10/2025 10:12:23 AM,02/10/2025 10:28:43 AM,16m 20s,"38.273392°, -122.633247°","906 Mustang Ct, Petaluma, CA 94954, USA",N/A
Ricardo (NEW),N/A,02/10/2025 10:30:37 AM,02/10/2025 10:37:54 AM,7m 17s,"38.276142°, -122.635856°","909 Mustang Ct, Petaluma, CA 94954, USA",N/A
Ricardo (NEW),N/A,02/10/2025 10:42:23 AM,02/10/2025 10:52:28 AM,10m 5s,"38.268391°, -122.639282°","838 Chardonnay Cir, Petaluma, CA 94954, USA",N/A
Ricardo (NEW),N/A,02/10/2025 11:47:40 AM,02/10/2025 12:01:04 PM,13m 24s,"38.231445°, -122.636215°","301 4th St, Petaluma, CA 94952, USA",N/A
Ricardo (NEW),N/A,02/10/2025 12:14:10 PM,02/10/2025 12:35:27 PM,21m 17s,"38.227863°, -122.635132°","614 G St, Petaluma, CA 94952, USA",N/A
Ricardo (NEW),N/A,02/10/2025 12:43:15 PM,02/10/2025 12:49:43 PM,6m 28s,"38.243179°, -122.629486°","209 Johnson Dr, Petaluma, CA 94952, USA",N/A
Ricardo (NEW),N/A,02/10/2025 01:06:49 PM,02/10/2025 01:25:48 PM,18m 59s,"38.243179°, -122.629486°","209 Johnson Dr, Petaluma, CA 94952, USA",N/A
Ricardo (NEW),N/A,02/10/2025 01:34:07 PM,02/10/2025 01:39:51 PM,5m 44s,"38.238377°, -122.609657°","1033 Palmetto Way, Petaluma, CA 94954, USA",N/A
Ricardo (NEW),N/A,02/11/2025 08:55:02 AM,02/11/2025 09:06:28 AM,11m 26s,"38.315342°, -122.287475°","748 Joseph Ct, Napa, CA 94558, USA",N/A
Ricardo (NEW),N/A,02/11/2025 09:43:41 AM,02/11/2025 09:56:31 AM,12m 50s,"38.329166°, -122.327316°","4149 Linda Vista Ave, Napa, CA 94558, USA",N/A
Ricardo (NEW),N/A,02/11/2025 11:49:00 AM,02/11/2025 11:54:07 AM,5m 7s,"38.317757°, -122.312179°","12 Nancy Ct, Napa, CA 94558, USA",N/A
Ricardo (NEW),N/A,02/11/2025 12:22:40 PM,02/11/2025 12:58:24 PM,35m 44s,"38.320068°, -122.310470°","3383 Solano Ave, Napa, CA 94558, USA",N/A
Ricardo (NEW),N/A,02/12/2025 08:37:44 AM,02/12/2025 08:47:13 AM,9m 29s,"38.356888°, -122.693771°","5590 Country Club Dr, Rohnert Park, CA 94928, USA",N/A
Ricardo (NEW),N/A,02/12/2025 12:44:11 PM,02/12/2025 12:54:23 PM,10m 12s,"38.218944°, -122.630829°","5 Lone Oak Ct, Petaluma, CA 94952, USA",N/A
Ricardo (NEW),N/A,02/13/2025 10:32:26 AM,02/13/2025 10:47:11 AM,14m 45s,"38.339241°, -122.304169°","1050 El Centro Ave, Napa, CA 94558, USA",N/A
Ricardo (NEW),N/A,02/13/2025 12:44:23 PM,02/13/2025 12:53:41 PM,9m 18s,"38.310322°, -122.280434°","517 Lincoln Ave, Napa, CA 94558, USA",N/A
Ricardo (NEW),N/A,02/13/2025 01:45:59 PM,02/13/2025 01:58:36 PM,12m 37s,"38.315334°, -122.287239°","735 Joseph Ct, Napa, CA 94558, USA",N/A
Ricardo (NEW),N/A,02/13/2025 04:06:09 PM,02/13/2025 04:12:23 PM,6m 14s,"38.235981°, -122.266319°","185 Devlin Rd, Napa, CA 94558, USA",N/A
Ricardo (NEW),N/A,02/14/2025 08:01:01 AM,02/14/2025 08:07:59 AM,6m 58s,"38.336964°, -122.713318°","US-101, Cotati, CA 94931, USA",N/A
Ricardo (NEW),N/A,02/14/2025 10:22:59 AM,02/14/2025 10:30:17 AM,7m 18s,"38.343956°, -122.841888°","6103 Burnside Rd, Sebastopol, CA 95472, USA",N/A
Ricardo (NEW),N/A,02/14/2025 03:22:45 PM,02/14/2025 03:33:30 PM,10m 45s,"38.328602°, -122.682152°","1401 Magnolia Ave, Rohnert Park, CA 94928, USA",N/A
Ricardo (NEW),N/A,02/17/2025 10:18:10 AM,02/17/2025 10:24:55 AM,6m 45s,"38.299454°, -122.276939°","802 Juarez St, Napa, CA 94559, USA",N/A
Ricardo (NEW),N/A,02/17/2025 12:16:53 PM,02/17/2025 12:30:19 PM,13m 26s,"38.326946°, -122.488922°","16885 Hwy 12, Sonoma, CA 95476, USA",N/A
Ricardo (NEW),N/A,02/18/2025 09:39:26 AM,02/18/2025 09:47:11 AM,7m 45s,"38.279816°, -122.303680°","133 Golden Gate Cir, Napa, CA 94558, USA",N/A
Ricardo (NEW),N/A,02/18/2025 10:39:47 AM,02/18/2025 10:46:21 AM,6m 34s,"38.289764°, -122.294723°","247 Jefferson St, Napa, CA 94559, USA",N/A
Ricardo (NEW),N/A,02/18/2025 11:58:55 AM,02/18/2025 12:04:37 PM,5m 42s,"38.282608°, -122.264854°","1161 Shetler Ave, Napa, CA 94559, USA",N/A
Ricardo (NEW),N/A,02/18/2025 12:49:02 PM,02/18/2025 01:02:41 PM,13m 39s,"38.327419°, -122.312652°","1912 Sierra Ave, Napa, CA 94558, USA",N/A
Ricardo (NEW),N/A,02/18/2025 01:51:38 PM,02/18/2025 01:59:45 PM,8m 7s,"38.243976°, -122.595550°","1125 River Pine Cir, Petaluma, CA 94954, USA",N/A
Ricardo (NEW),N/A,02/18/2025 03:35:46 PM,02/18/2025 03:44:20 PM,8m 34s,"38.342709°, -122.715294°","466 Primero Ct, Cotati, CA 94931, USA",N/A
Ricardo (NEW),N/A,02/18/2025 03:51:07 PM,02/18/2025 04:01:54 PM,10m 47s,"38.349499°, -122.718071°","320 Rohnert Park Expy, Rohnert Park, CA 94928, USA",N/A
Ricardo (NEW),N/A,02/19/2025 10:07:42 AM,02/19/2025 10:33:43 AM,26m 1s,"38.356739°, -122.693756°","5620 Country Club Dr, Rohnert Park, CA 94928, USA",N/A
Ricardo (NEW),N/A,02/19/2025 10:34:14 AM,02/19/2025 10:59:36 AM,25m 22s,"38.359680°, -122.693939°","5290 Country Club Dr, Rohnert Park, CA 94928, USA",N/A
Ricardo (NEW),N/A,02/19/2025 12:09:14 PM,02/19/2025 12:14:45 PM,5m 31s,"38.371632°, -122.698166°","750 Holly Ave, Rohnert Park, CA 94928, USA",N/A
Ricardo (NEW),N/A,02/19/2025 03:58:14 PM,02/19/2025 04:13:04 PM,14m 50s,"38.480724°, -122.748741°","1601 Keoke Ct, Santa Rosa, CA 95403, USA",N/A
Ricardo (NEW),N/A,02/20/2025 07:55:54 AM,02/20/2025 08:01:40 AM,5m 46s,"38.344185°, -122.718460°","92 Ronda St, Rohnert Park, CA 94928, USA",N/A
Ricardo (NEW),N/A,02/20/2025 11:47:01 AM,02/20/2025 12:00:44 PM,13m 43s,"38.283386°, -122.268051°","1107 Holmes Ave, Napa, CA 94559, USA",N/A
Ricardo (NEW),N/A,02/20/2025 12:14:40 PM,02/20/2025 12:20:23 PM,5m 43s,"38.297790°, -122.314400°","3134 Laurel St, Napa, CA 94558, USA",N/A
Ricardo (NEW),N/A,02/20/2025 12:37:59 PM,02/20/2025 01:02:43 PM,24m 44s,"38.297790°, -122.314400°","3134 Laurel St, Napa, CA 94558, USA",N/A
Ricardo (NEW),N/A,02/20/2025 03:42:22 PM,02/20/2025 03:50:02 PM,7m 40s,"38.557812°, -122.451927°","560 Viewridge Dr, Angwin, CA 94508, USA",N/A
Ricardo (NEW),N/A,02/21/2025 11:17:10 AM,02/21/2025 11:23:51 AM,6m 41s,"38.423889°, -122.763031°","4032 New Zealand Ave, Santa Rosa, CA 95407, USA",N/A
Ricardo (NEW),N/A,02/21/2025 02:36:26 PM,02/21/2025 02:42:57 PM,6m 31s,"38.431229°, -122.721191°","415 Blythewood Pl, Santa Rosa, CA 95407, USA",N/A
Ricardo (NEW),N/A,02/21/2025 04:50:20 PM,02/21/2025 04:58:12 PM,7m 52s,"38.426014°, -122.762893°","965 Doubles Dr, Santa Rosa, CA 95407, USA",N/A
Ricardo (NEW),N/A,02/23/2025 04:49:18 PM,02/23/2025 04:54:58 PM,5m 40s,"38.344200°, -122.718414°","92 Ronda St, Rohnert Park, CA 94928, USA",N/A
Ricardo (NEW),N/A,02/24/2025 08:55:12 AM,02/24/2025 09:02:16 AM,7m 4s,"38.332222°, -122.684181°","1328 Middlebrook Way, Rohnert Park, CA 94928, USA",N/A
Ricardo (NEW),N/A,02/24/2025 09:23:55 AM,02/24/2025 09:29:25 AM,5m 30s,"38.480881°, -122.740578°","1163 Hopper Ave, Santa Rosa, CA 95403, USA",N/A
Ricardo (NEW),N/A,02/24/2025 11:06:49 AM,02/24/2025 11:15:57 AM,9m 8s,"38.431583°, -122.761307°","2308 Bellam Ct, Santa Rosa, CA 95401, USA",N/A
Ricardo (NEW),N/A,02/24/2025 12:22:28 PM,02/24/2025 12:27:36 PM,5m 8s,"38.487251°, -122.722641°","4210 Thomas Lake Harris Dr, Santa Rosa, CA 95403, USA",N/A
Ricardo (NEW),N/A,02/25/2025 12:47:20 PM,02/25/2025 12:55:42 PM,8m 22s,"38.288315°, -122.280578°","757 Vista Tulocay Ln, Napa, CA 94559, USA",N/A
Ricardo (NEW),N/A,02/25/2025 01:04:53 PM,02/25/2025 01:24:25 PM,19m 32s,"38.324661°, -122.287437°","699 Trancas St, Napa, CA 94558, USA",N/A
Ricardo (NEW),N/A,02/25/2025 03:23:49 PM,02/25/2025 03:32:52 PM,9m 3s,"38.338959°, -122.303802°","1052 El Centro Ave, Napa, CA 94558, USA",N/A
Ricardo (NEW),N/A,02/25/2025 03:33:00 PM,02/25/2025 03:39:50 PM,6m 50s,"38.338993°, -122.303848°","1052 El Centro Ave, Napa, CA 94558, USA",N/A
Ricardo (NEW),N/A,02/25/2025 03:40:19 PM,02/25/2025 03:58:21 PM,18m 2s,"38.337665°, -122.306160°","4006 Heather Ln, Napa, CA 94558, USA",N/A
Ricardo (NEW),N/A,02/27/2025 09:21:44 AM,02/27/2025 09:33:34 AM,11m 50s,"38.319599°, -122.297493°","3032 Main St, Napa, CA 94558, USA",N/A
Ricardo (NEW),N/A,02/27/2025 10:40:48 AM,02/27/2025 10:48:14 AM,7m 26s,"38.311024°, -122.272880°","1040 Clark St, Napa, CA 94559, USA",N/A
Ricardo (NEW),N/A,02/27/2025 02:07:19 PM,02/27/2025 02:23:50 PM,16m 31s,"38.283455°, -122.268051°","1102 Holmes Ave, Napa, CA 94559, USA",N/A
Ricardo (NEW),N/A,02/27/2025 06:16:24 PM,02/27/2025 06:22:55 PM,6m 31s,"38.342766°, -122.714920°","466 Primero Ct, Cotati, CA 94931, USA",N/A
Ricardo (NEW),N/A,02/28/2025 02:30:12 PM,02/28/2025 02:35:50 PM,5m 38s,"38.324844°, -122.675407°","1605 Wildflower Way, Rohnert Park, CA 94928, USA",N/A
Ricardo (NEW),N/A,02/28/2025 02:42:28 PM,02/28/2025 02:50:13 PM,7m 45s,"38.325855°, -122.684685°","8670 Camino Colegio, Rohnert Park, CA 94928, USA",N/A
Ricardo (NEW),N/A,03/03/2025 08:48:34 AM,03/03/2025 08:55:53 AM,7m 19s,"38.367268°, -122.588104°","6150 Sonoma Mountain Rd, Santa Rosa, CA 95404, USA",N/A
Ricardo (NEW),N/A,03/03/2025 10:01:10 AM,03/03/2025 10:07:19 AM,6m 9s,"38.435043°, -122.698074°","702 Corlano Ave, Santa Rosa, CA 95404, USA",N/A
Ricardo (NEW),N/A,03/03/2025 10:54:34 AM,03/03/2025 11:08:15 AM,13m 41s,"38.421875°, -122.732521°","1114 Candlestick Ave, Santa Rosa, CA 95407, USA",N/A
Ricardo (NEW),N/A,03/03/2025 12:28:54 PM,03/03/2025 12:59:17 PM,30m 23s,"38.477360°, -122.655166°","137 Coronado Cir, Santa Rosa, CA 95409, USA",N/A
Ricardo (NEW),N/A,03/03/2025 04:25:36 PM,03/03/2025 04:45:17 PM,19m 41s,"38.344112°, -122.718574°","88 Ronda St, Rohnert Park, CA 94928, USA",N/A
Ricardo (NEW),N/A,03/04/2025 10:11:07 AM,03/04/2025 10:24:56 AM,13m 49s,"38.313019°, -122.301483°","1550 Menlo Ave, Napa, CA 94558, USA",N/A
Ricardo (NEW),N/A,03/04/2025 11:40:23 AM,03/04/2025 12:01:44 PM,21m 21s,"38.288235°, -122.280510°","757 Vista Tulocay Ln, Napa, CA 94559, USA",N/A
Ricardo (NEW),N/A,03/06/2025 08:39:57 AM,03/06/2025 08:58:18 AM,18m 21s,"38.283462°, -122.268051°","1102 Holmes Ave, Napa, CA 94559, USA",N/A
Ricardo (NEW),N/A,03/06/2025 02:42:02 PM,03/06/2025 02:49:59 PM,7m 57s,"38.313702°, -122.290581°","2409 Alice St, Napa, CA 94558, USA",N/A
Ricardo (NEW),N/A,03/06/2025 03:30:41 PM,03/06/2025 03:43:02 PM,12m 21s,"38.301296°, -122.491005°","860 Arbor Ave, Sonoma, CA 95476, USA",N/A
Ricardo (NEW),N/A,03/06/2025 05:52:38 PM,03/06/2025 05:59:19 PM,6m 41s,"38.342766°, -122.714920°","466 Primero Ct, Cotati, CA 94931, USA",N/A
Ricardo (NEW),N/A,03/07/2025 09:45:37 AM,03/07/2025 09:51:37 AM,6m,"38.311664°, -122.517937°","17678 Carriger Rd, Sonoma, CA 95476, USA",N/A
Ricardo (NEW),N/A,03/07/2025 02:56:04 PM,03/07/2025 03:01:07 PM,5m 3s,"38.348568°, -122.679245°","5053 King Pl, Rohnert Park, CA 94928, USA",N/A
Ricardo (NEW),N/A,03/10/2025 10:57:54 AM,03/10/2025 11:08:19 AM,10m 25s,"38.453644°, -122.760643°","2304 Fairbanks Dr, Santa Rosa, CA 95403, USA",N/A
Ricardo (NEW),N/A,03/10/2025 12:46:59 PM,03/10/2025 12:57:58 PM,10m 59s,"38.468700°, -122.712311°","3031 Terra Linda Dr, Santa Rosa, CA 95404, USA",N/A
Ricardo (NEW),N/A,03/11/2025 08:09:01 AM,03/11/2025 08:15:09 AM,6m 8s,"38.348515°, -122.679313°","5053 King Pl, Rohnert Park, CA 94928, USA",N/A
Ricardo (NEW),N/A,03/11/2025 11:18:24 AM,03/11/2025 11:24:44 AM,6m 20s,"38.314663°, -122.290962°","800 Lathrop St, Napa, CA 94558, USA",N/A
Ricardo (NEW),N/A,03/11/2025 12:20:06 PM,03/11/2025 12:41:34 PM,21m 28s,"38.305611°, -122.274200°","12 Spring St, Napa, CA 94559, USA",N/A
Ricardo (NEW),N/A,03/11/2025 01:38:28 PM,03/11/2025 01:53:54 PM,15m 26s,"38.276028°, -122.454994°","1362 Larkin Dr, Sonoma, CA 95476, USA",N/A
Ricardo (NEW),N/A,03/12/2025 12:55:20 PM,03/12/2025 01:07:44 PM,12m 24s,"38.478260°, -122.656349°","5165 Parkhurst Dr, Santa Rosa, CA 95409, USA",N/A
Ricardo (NEW),N/A,03/12/2025 02:11:03 PM,03/12/2025 02:16:47 PM,5m 44s,"38.435688°, -122.714882°","224 S A St, Santa Rosa, CA 95401, USA",N/A
Ricardo (NEW),N/A,03/13/2025 11:05:16 AM,03/13/2025 11:10:16 AM,5m,"38.344383°, -122.718254°","75 Soria Ct, Rohnert Park, CA 94928, USA",N/A
Ricardo (NEW),N/A,03/13/2025 01:04:26 PM,03/13/2025 01:10:53 PM,6m 27s,"38.286983°, -122.280426°","942 W Imola Ave, Napa, CA 94559, USA",N/A
Ricardo (NEW),N/A,03/13/2025 05:20:33 PM,03/13/2025 05:28:48 PM,8m 15s,"38.316257°, -122.346695°","1171 Broadmoor Dr, Napa, CA 94558, USA",N/A
Ricardo (NEW),N/A,03/13/2025 06:31:03 PM,03/13/2025 06:43:28 PM,12m 25s,"38.344173°, -122.718460°","90 Ronda St, Rohnert Park, CA 94928, USA",N/A
Ricardo (NEW),N/A,03/14/2025 09:37:15 AM,03/14/2025 09:46:54 AM,9m 39s,"38.482765°, -122.818168°","2470 Olivet Rd, Santa Rosa, CA 95401, USA",N/A
Ricardo (NEW),N/A,03/14/2025 11:14:48 AM,03/14/2025 11:25:52 AM,11m 4s,"38.413891°, -122.745292°","2739 Desert Rose Ln, Santa Rosa, CA 95407, USA",N/A
Ricardo (NEW),N/A,03/14/2025 02:47:22 PM,03/14/2025 02:59:05 PM,11m 43s,"38.299896°, -122.674179°","810 Rainshine Ct, Penngrove, CA 94951, USA",N/A
Ricardo (NEW),N/A,03/16/2025 05:32:18 PM,03/16/2025 06:34:18 PM,1h 2m,"38.344025°, -122.718422°","86 Ronda St, Rohnert Park, CA 94928, USA",N/A
Sean,N/A,02/25/2025 11:28:44 AM,02/25/2025 11:37:12 AM,8m 28s,"38.267120°, -122.656140°","278 Corona Rd, Petaluma, CA 94954, USA",N/A
Sean,N/A,02/26/2025 01:44:09 PM,02/26/2025 01:49:19 PM,5m 10s,"38.241916°, -122.592860°","2 Arrowhead Ct, Petaluma, CA 94954, USA",N/A
Sean,N/A,02/26/2025 02:57:51 PM,02/26/2025 03:03:15 PM,5m 24s,"38.330776°, -122.687364°","1266 Marlene Ct, Rohnert Park, CA 94928, USA",N/A
Sean,N/A,02/27/2025 02:41:07 PM,02/27/2025 02:49:55 PM,8m 48s,"38.325263°, -122.701626°","624 McGinnis Cir, Cotati, CA 94931, USA",N/A
Sean,N/A,02/28/2025 07:45:32 AM,02/28/2025 07:50:57 AM,5m 25s,"38.367774°, -122.682947°","1368 Graymill Ct, Rohnert Park, CA 94928, USA",N/A
Sean,N/A,02/28/2025 10:42:30 AM,02/28/2025 10:48:43 AM,6m 13s,"38.231491°, -122.650709°","615 N Fair St, Petaluma, CA 94952, USA",N/A
Sean,N/A,02/28/2025 10:50:43 AM,02/28/2025 10:57:49 AM,7m 6s,"38.232078°, -122.646287°","528 Western Ave, Petaluma, CA 94952, USA",N/A
Sean,N/A,02/28/2025 03:02:37 PM,02/28/2025 03:12:15 PM,9m 38s,"38.362784°, -122.692823°","933 Golf Course Dr, Rohnert Park, CA 94928, USA",N/A
Sean,N/A,02/28/2025 03:15:03 PM,02/28/2025 03:24:56 PM,9m 53s,"38.367545°, -122.683902°","1353 Graymill Ct, Rohnert Park, CA 94928, USA",N/A
Sean,N/A,03/04/2025 10:33:18 AM,03/04/2025 10:38:22 AM,5m 4s,"38.243113°, -122.587965°","1854 Adobe Creek Dr, Petaluma, CA 94954, USA",N/A
Sean,N/A,03/04/2025 01:41:23 PM,03/04/2025 01:47:46 PM,6m 23s,"38.260620°, -122.645633°","127 Hansen Way, Petaluma, CA 94954, USA",N/A
Sean,N/A,03/05/2025 08:47:50 AM,03/05/2025 08:55:40 AM,7m 50s,"38.354607°, -122.712183°","5800 Commerce Blvd, Rohnert Park, CA 94928, USA",N/A
Sean,N/A,03/05/2025 09:08:14 AM,03/05/2025 09:13:53 AM,5m 39s,"38.365701°, -122.703160°","4677 Fairway Dr, Rohnert Park, CA 94928, USA",N/A
Sean,N/A,03/05/2025 10:42:08 AM,03/05/2025 10:47:17 AM,5m 9s,"38.347052°, -122.685751°","5201 Snyder Ln, Rohnert Park, CA 94928, USA",N/A
Shane,N/A,01/02/2025 09:24:25 AM,01/02/2025 09:34:24 AM,9m 59s,"38.435062°, -122.744137°","366 Brockhurst Dr, Santa Rosa, CA 95401, USA",N/A
Shane,N/A,01/02/2025 10:20:53 AM,01/02/2025 10:27:52 AM,6m 59s,"38.546712°, -122.812910°","185 Johnson St, Windsor, CA 95492, USA",N/A
Shane,N/A,01/02/2025 12:35:09 PM,01/02/2025 12:49:53 PM,14m 44s,"38.610991°, -122.860188°","556 Matheson St, Healdsburg, CA 95448, USA",N/A
Shane,N/A,01/03/2025 09:33:34 AM,01/03/2025 09:42:31 AM,8m 57s,"38.435114°, -122.744085°","358 Brockhurst Dr, Santa Rosa, CA 95401, USA",N/A
Shane,N/A,01/03/2025 10:20:37 AM,01/03/2025 10:32:36 AM,11m 59s,"38.452793°, -122.709255°","1334 Wright St, Santa Rosa, CA 95404, USA",N/A
Shane,N/A,01/03/2025 11:46:41 AM,01/03/2025 12:00:01 PM,13m 20s,"38.609593°, -122.866039°","307 Tucker St, Healdsburg, CA 95448, USA",N/A
Shane,N/A,01/03/2025 12:59:56 PM,01/03/2025 01:09:39 PM,9m 43s,"38.538246°, -122.799973°","605 Yerba Buena Way, Windsor, CA 95492, USA",N/A
Shane,N/A,01/03/2025 01:41:00 PM,01/03/2025 01:46:13 PM,5m 13s,"38.510257°, -122.766776°","137 Wikiup Meadows Dr, Santa Rosa, CA 95403, USA",N/A
Shane,N/A,01/04/2025 11:35:33 AM,01/04/2025 11:44:08 AM,8m 35s,"38.435125°, -122.744064°","358 Brockhurst Dr, Santa Rosa, CA 95401, USA",N/A
Shane,N/A,01/06/2025 01:25:46 PM,01/06/2025 01:35:48 PM,10m 2s,"38.435084°, -122.744087°","358 Brockhurst Dr, Santa Rosa, CA 95401, USA",N/A
Shane,N/A,01/08/2025 11:42:14 AM,01/08/2025 11:47:19 AM,5m 5s,"38.457979°, -122.643701°","5555 Montgomery Dr, Santa Rosa, CA 95409, USA",N/A
Shane,N/A,01/08/2025 12:11:27 PM,01/08/2025 12:17:26 PM,5m 59s,"38.527347°, -122.790074°","6610 Hembree Ln, Windsor, CA 95492, USA",N/A
Shane,N/A,01/08/2025 01:09:14 PM,01/08/2025 01:19:42 PM,10m 28s,"38.599741°, -122.855304°","13505 Healdsburg Ave, Healdsburg, CA 95448, USA",N/A
Shane,N/A,01/08/2025 01:39:43 PM,01/08/2025 01:51:12 PM,11m 29s,"38.609586°, -122.865958°","314 Tucker St, Healdsburg, CA 95448, USA",N/A
Shane,N/A,01/08/2025 02:26:59 PM,01/08/2025 02:32:52 PM,5m 53s,"38.471622°, -122.760587°","2164 Francisco Ave, Santa Rosa, CA 95403, USA",N/A
Shane,N/A,01/09/2025 09:35:47 AM,01/09/2025 09:54:53 AM,19m 6s,"38.435097°, -122.744085°","358 Brockhurst Dr, Santa Rosa, CA 95401, USA",N/A
Shane,N/A,01/09/2025 10:59:15 AM,01/09/2025 11:08:19 AM,9m 4s,"38.480810°, -122.740634°","1163 Hopper Ave, Santa Rosa, CA 95403, USA",N/A
Shane,N/A,01/09/2025 11:57:23 AM,01/09/2025 12:14:19 PM,16m 56s,"38.434048°, -122.686916°","1440 Townview Ln, Santa Rosa, CA 95405, USA",N/A
Shane,N/A,01/09/2025 12:49:01 PM,01/09/2025 01:16:51 PM,27m 50s,"38.434990°, -122.672444°","3741 Sacramento Ave, Santa Rosa, CA 95405, USA",N/A
Shane,N/A,01/10/2025 09:44:49 AM,01/10/2025 10:02:33 AM,17m 44s,"38.435062°, -122.744072°","366 Brockhurst Dr, Santa Rosa, CA 95401, USA",N/A
Shane,N/A,01/10/2025 12:37:48 PM,01/10/2025 12:42:57 PM,5m 9s,"38.627869°, -122.870890°","208 Terrace Blvd, Healdsburg, CA 95448, USA",N/A
Shane,N/A,01/10/2025 02:31:53 PM,01/10/2025 02:38:50 PM,6m 57s,"38.544891°, -122.817654°","412 Duncan Dr, Windsor, CA 95492, USA",N/A
Shane,N/A,01/10/2025 04:28:43 PM,01/10/2025 04:44:06 PM,15m 23s,"38.561560°, -122.741698°","8373 Singing Hills Trl, Santa Rosa, CA 95404, USA",N/A
Shane,N/A,01/13/2025 08:19:33 AM,01/13/2025 08:29:42 AM,10m 9s,"38.435051°, -122.744020°","366 Brockhurst Dr, Santa Rosa, CA 95401, USA",N/A
Shane,N/A,01/13/2025 08:30:17 AM,01/13/2025 08:40:25 AM,10m 8s,"38.435045°, -122.744079°","366 Brockhurst Dr, Santa Rosa, CA 95401, USA",N/A
Shane,N/A,01/13/2025 09:33:38 AM,01/13/2025 09:42:04 AM,8m 26s,"38.485578°, -122.698751°","3796 Palazzo Ct, Santa Rosa, CA 95404, USA",N/A
Shane,N/A,01/13/2025 12:39:53 PM,01/13/2025 12:46:23 PM,6m 30s,"38.482799°, -122.744967°","3859 Crestview Dr, Santa Rosa, CA 95403, USA",N/A
Shane,N/A,01/13/2025 01:59:07 PM,01/13/2025 02:22:17 PM,23m 10s,"38.435104°, -122.744092°","358 Brockhurst Dr, Santa Rosa, CA 95401, USA",N/A
Shane,N/A,01/14/2025 09:27:17 AM,01/14/2025 09:44:41 AM,17m 24s,"38.435101°, -122.744094°","358 Brockhurst Dr, Santa Rosa, CA 95401, USA",N/A
Shane,N/A,01/14/2025 11:56:29 AM,01/14/2025 12:09:13 PM,12m 44s,"38.453882°, -122.714461°","1233 Humboldt St, Santa Rosa, CA 95404, USA",N/A
Shane,N/A,01/14/2025 01:43:52 PM,01/14/2025 02:15:35 PM,31m 43s,"38.435077°, -122.744075°","358 Brockhurst Dr, Santa Rosa, CA 95401, USA",N/A
Shane,N/A,01/14/2025 04:17:08 PM,01/14/2025 04:25:02 PM,7m 54s,"38.435118°, -122.744167°","358 Brockhurst Dr, Santa Rosa, CA 95401, USA",N/A
Shane,N/A,01/15/2025 09:08:26 AM,01/15/2025 09:13:39 AM,5m 13s,"38.435125°, -122.744083°","358 Brockhurst Dr, Santa Rosa, CA 95401, USA",N/A
Shane,N/A,01/15/2025 12:37:34 PM,01/15/2025 12:48:58 PM,11m 24s,"38.626479°, -122.875408°","177 Dry Creek Rd, Healdsburg, CA 95448, USA",N/A
Shane,N/A,01/15/2025 01:20:12 PM,01/15/2025 01:30:55 PM,10m 43s,"38.561527°, -122.817188°","9940 Marcella Ln, Windsor, CA 95492, USA",N/A
Shane,N/A,01/16/2025 09:23:07 AM,01/16/2025 09:37:44 AM,14m 37s,"38.435120°, -122.744073°","358 Brockhurst Dr, Santa Rosa, CA 95401, USA",N/A
Shane,N/A,01/16/2025 12:56:07 PM,01/16/2025 01:03:34 PM,7m 27s,"38.561406°, -122.800525°","1082 Elsbree Ln, Windsor, CA 95492, USA",N/A
Shane,N/A,01/17/2025 09:22:47 AM,01/17/2025 10:00:50 AM,38m 3s,"38.435130°, -122.744103°","358 Brockhurst Dr, Santa Rosa, CA 95401, USA",N/A
Shane,N/A,01/17/2025 11:09:33 AM,01/17/2025 11:17:00 AM,7m 27s,"38.361213°, -122.715069°","4655 Willis Ave, Santa Rosa, CA 95407, USA",N/A
Shane,N/A,01/17/2025 02:59:16 PM,01/17/2025 03:08:55 PM,9m 39s,"38.548104°, -122.817399°","410 Emily Rose Cir, Windsor, CA 95492, USA",N/A
Shane,N/A,01/18/2025 10:55:14 AM,01/18/2025 11:02:35 AM,7m 21s,"38.435072°, -122.686374°","2550 Hoen Ave, Santa Rosa, CA 95405, USA",N/A
Shane,N/A,01/20/2025 09:41:10 AM,01/20/2025 09:51:19 AM,10m 9s,"38.435058°, -122.744129°","366 Brockhurst Dr, Santa Rosa, CA 95401, USA",N/A
Shane,N/A,01/20/2025 11:35:43 AM,01/20/2025 11:46:39 AM,10m 56s,"38.479194°, -122.734737°","3795 Cleveland Ave, Santa Rosa, CA 95403, USA",N/A
Shane,N/A,01/20/2025 01:11:12 PM,01/20/2025 01:34:51 PM,23m 39s,"38.527287°, -122.787558°","6450 Hembree Ln, Windsor, CA 95492, USA",N/A
Shane,N/A,01/21/2025 10:45:27 AM,01/21/2025 10:54:43 AM,9m 16s,"38.506529°, -122.892197°","9885 Westside Rd, Healdsburg, CA 95448, USA",N/A
Shane,N/A,01/21/2025 12:29:31 PM,01/21/2025 12:38:37 PM,9m 6s,"38.632449°, -122.872772°","101 Paul Wittke Dr, Healdsburg, CA 95448, USA",N/A
Shane,N/A,01/21/2025 02:17:24 PM,01/21/2025 02:22:58 PM,5m 34s,"38.498608°, -122.779556°","3680 Bisordi Ln, Fulton, CA 95439, USA",N/A
Shane,N/A,01/22/2025 09:50:24 AM,01/22/2025 10:11:05 AM,20m 41s,"38.435109°, -122.744094°","358 Brockhurst Dr, Santa Rosa, CA 95401, USA",N/A
Shane,N/A,01/23/2025 09:12:58 AM,01/23/2025 09:25:15 AM,12m 17s,"38.435135°, -122.744199°","358 Brockhurst Dr, Santa Rosa, CA 95401, USA",N/A
Shane,N/A,01/23/2025 12:26:07 PM,01/23/2025 12:31:50 PM,5m 43s,"38.435083°, -122.744083°","358 Brockhurst Dr, Santa Rosa, CA 95401, USA",N/A
Shane,N/A,01/23/2025 02:55:44 PM,01/23/2025 03:06:11 PM,10m 27s,"38.554500°, -122.837166°","9903 Old Camp Ln, Windsor, CA 95492, USA",N/A
Shane,N/A,01/24/2025 09:48:59 AM,01/24/2025 09:56:32 AM,7m 33s,"38.435096°, -122.744032°","366 Brockhurst Dr, Santa Rosa, CA 95401, USA",N/A
Shane,N/A,01/24/2025 10:51:47 AM,01/24/2025 11:04:10 AM,12m 23s,"38.422633°, -122.710394°","1581 La Esplanada Pl, Santa Rosa, CA 95404, USA",N/A
Shane,N/A,01/24/2025 11:46:47 AM,01/24/2025 11:58:17 AM,11m 30s,"38.464279°, -122.637966°","1480 Snowy Egret Dr, Santa Rosa, CA 95409, USA",N/A
Shane,N/A,01/24/2025 12:19:43 PM,01/24/2025 12:34:30 PM,14m 47s,"38.456656°, -122.627893°","5875 Hwy 12, Santa Rosa, CA 95409, USA",N/A
Shane,N/A,01/25/2025 11:38:51 AM,01/25/2025 12:01:39 PM,22m 48s,"38.435107°, -122.744097°","358 Brockhurst Dr, Santa Rosa, CA 95401, USA",N/A
Shane,N/A,01/27/2025 11:15:52 AM,01/27/2025 11:22:05 AM,6m 13s,"38.361157°, -122.714882°","5145 Redwood Dr, Rohnert Park, CA 94928, USA",N/A
Shane,N/A,01/27/2025 11:35:37 AM,01/27/2025 11:42:06 AM,6m 29s,"38.342781°, -122.715228°","466 Primero Ct, Cotati, CA 94931, USA",N/A
Shane,N/A,02/05/2025 07:47:35 AM,02/05/2025 08:00:42 AM,13m 7s,"38.435113°, -122.744085°","358 Brockhurst Dr, Santa Rosa, CA 95401, USA",N/A
Shane,N/A,02/14/2025 11:55:49 AM,02/14/2025 12:05:58 PM,10m 9s,"38.435107°, -122.744079°","358 Brockhurst Dr, Santa Rosa, CA 95401, USA",N/A
Shane,N/A,02/14/2025 03:53:38 PM,02/14/2025 04:01:34 PM,7m 56s,"38.434556°, -122.742541°","300 Stony Point Rd, Santa Rosa, CA 95401, USA",N/A
Shane,N/A,02/18/2025 10:13:53 AM,02/18/2025 10:19:58 AM,6m 5s,"38.435078°, -122.744036°","366 Brockhurst Dr, Santa Rosa, CA 95401, USA",N/A
Shane,N/A,02/18/2025 01:39:21 PM,02/18/2025 01:49:26 PM,10m 5s,"38.532722°, -122.800117°","700 Mitchell Ln, Windsor, CA 95492, USA",N/A
Shane,N/A,02/18/2025 03:11:03 PM,02/18/2025 03:46:50 PM,35m 47s,"38.618800°, -122.867201°","734 Fitch St, Healdsburg, CA 95448, USA",N/A
Shane,N/A,02/20/2025 11:22:44 AM,02/20/2025 11:31:47 AM,9m 3s,"38.435101°, -122.744073°","358 Brockhurst Dr, Santa Rosa, CA 95401, USA",N/A
Shane,N/A,02/25/2025 08:21:11 AM,02/25/2025 08:28:18 AM,7m 7s,"38.435113°, -122.744113°","358 Brockhurst Dr, Santa Rosa, CA 95401, USA",N/A
Shane,N/A,02/25/2025 01:00:22 PM,02/25/2025 01:06:20 PM,5m 58s,"38.361307°, -122.715044°","5085 Redwood Dr, Rohnert Park, CA 94928, USA",N/A
Shane,N/A,03/04/2025 07:09:14 AM,03/04/2025 07:18:27 AM,9m 13s,"38.435175°, -122.744036°","358 Brockhurst Dr, Santa Rosa, CA 95401, USA",N/A
